"Str1","freq"
"said",598
"one",595
"like",494
"time",479
"just",468
"get",451
"year",425
"can",423
"go",402
"day",374
"make",334
"work",300
"say",292
"now",286
"see",284
"use",283
"peopl",278
"think",273
"know",272
"new",270
"us",268
"love",266
"first",264
"want",264
"good",251
"im",238
"also",236
"look",233
"back",231
"thing",230
"well",229
"come",227
"take",225
"realli",224
"need",218
"last",216
"two",215
"even",212
"way",206
"dont",199
"start",199
"right",197
"’s",193
"week",192
"call",191
"much",185
"game",178
"play",178
"made",175
"great",172
"school",170
"state",169
"tri",169
"“",167
"still",167
"mani",164
"today",164
"help",163
"home",158
"feel",155
"thank",154
"littl",152
"live",151
"got",148
"run",148
"end",145
"best",140
"life",140
"give",139
"show",139
"follow",138
"high",136
"next",135
"never",133
"may",132
"someth",130
"citi",129
"three",129
"ask",128
"lot",127
"includ",126
"team",125
"put",123
"famili",121
"around",120
"point",120
"world",120
"long",119
"place",119
"–",118
"month",118
"plan",116
"sinc",116
"—",115
"alway",114
"hope",114
"open",113
"book",112
"chang",112
"everi",112
"night",112
"find",111
"man",108
"big",107
"public",107
"differ",105
"keep",105
"let",105
"season",105
"that",105
"anoth",102
"compani",102
"hous",102
"person",102
"set",102
"friend",99
"mean",99
"tell",99
"guy",98
"move",98
"ever",97
"part",97
"read",96
"better",95
"busi",95
"old",95
"cant",93
"might",93
"name",93
"report",93
"nation",92
"actual",91
"seem",91
"done",90
"found",90
"happen",90
"though",90
"thought",90
"number",88
"watch",88
"word",88
"away",87
"hour",87
"ive",87
"second",87
"th",87
"left",85
"believ",84
"case",84
"sure",84
"hard",83
"interest",83
"free",82
"stori",82
"talk",82
"didnt",81
"stop",81
"top",81
"four",80
"hand",80
"offic",80
"turn",80
"wait",79
"final",78
"servic",78
"meet",77
"project",77
"togeth",77
"walk",77
"becom",76
"don’t",76
"job",76
"manag",76
"yet",76
"alreadi",75
"american",75
"face",75
"counti",74
"cours",74
"happi",74
"hit",74
"percent",74
"pm",74
"real",74
"children",73
"food",73
"later",73
"rt",73
"serv",73
"small",73
"write",73
"music",72
"power",72
"went",72
"hear",71
"member",71
"minut",71
"someon",71
"u",71
"bad",70
"fun",70
"park",70
"room",70
"st",70
"support",70
"came",69
"close",69
"enough",69
"lol",69
"miss",69
"question",69
"bring",68
"everyon",68
"group",68
"morn",68
"post",68
"reason",68
"recent",68
"share",68
"without",68
"continu",67
"creat",67
"five",67
"govern",67
"line",67
"million",67
"must",67
"provid",67
"win",67
"yes",67
"base",66
"far",66
"girl",66
"heart",66
"near",66
"blog",65
"cut",65
"friday",65
"learn",65
"ad",64
"check",64
"complet",64
"head",64
"market",64
"noth",64
"enjoy",63
"hes",63
"stay",63
"wonder",63
"build",62
"countri",62
"everyth",62
"hold",62
"leav",62
"money",62
"polic",62
"presid",62
"record",62
"told",62
"your",62
"area",61
"bit",61
"district",61
"eye",61
"other",61
"product",61
"s",61
"seen",61
"visit",61
"art",60
"care",60
"kid",60
"movi",60
"store",60
"tonight",60
"’ve",59
"anyth",59
"design",59
"eat",59
"less",59
"past",59
"system",59
"babi",58
"caus",58
"communiti",58
"issu",58
"mind",58
"offer",58
"offici",57
"saturday",57
"beauti",56
"begin",56
"challeng",56
"experi",56
"increas",56
"kind",56
"mother",56
"nice",56
"possibl",56
"pretti",56
"problem",56
"quit",56
"sever",56
"took",56
"young",56
"’m",55
"among",55
"finish",55
"player",55
"student",55
"add",54
"almost",54
"center",54
"current",54
"full",54
"lead",54
"least",54
"list",54
"men",54
"program",54
"soon",54
"age",53
"allow",53
"boy",53
"buy",53
"earli",53
"idea",53
"import",53
"law",53
"pay",53
"red",53
"remain",53
"return",53
"road",53
"there",53
"”",52
"along",52
"bill",52
"front",52
"half",52
"moment",52
"pictur",52
"water",52
"within",52
"anyon",51
"color",51
"cost",51
"expect",51
"inform",51
"local",51
"parti",51
"song",51
"sound",51
"board",50
"control",50
"coupl",50
"fact",50
"monday",50
"news",50
"practic",50
"side",50
"white",50
"celebr",49
"fan",49
"favorit",49
"fill",49
"price",49
"probabl",49
"across",48
"ago",48
"ball",48
"charg",48
"develop",48
"page",48
"phone",48
"present",48
"releas",48
"whole",48
"car",47
"class",47
"coach",47
"court",47
"deal",47
"ill",47
"quick",47
"rememb",47
"result",47
"sale",47
"saw",47
"sit",47
"tax",47
"understand",47
"amaz",46
"cover",46
"d",46
"decid",46
"doesnt",46
"howev",46
"matter",46
"order",46
"shot",46
"abl",45
"black",45
"card",45
"consid",45
"cook",45
"futur",45
"general",45
"given",45
"lost",45
"often",45
"pleas",45
"requir",45
"self",45
"sign",45
"street",45
"thursday",45
"direct",44
"green",44
"grow",44
"health",44
"mayb",44
"san",44
"sunday",44
"univers",44
"weekend",44
"whether",44
"author",43
"beer",43
"cultur",43
"drive",43
"form",43
"former",43
"late",43
"light",43
"piec",43
"rather",43
"receiv",43
"relat",43
"sens",43
"spend",43
"third",43
"usual",43
"view",43
"accord",42
"answer",42
"break",42
"child",42
"date",42
"death",42
"decis",42
"dinner",42
"dream",42
"event",42
"fall",42
"father",42
"feder",42
"instead",42
"john",42
"level",42
"outsid",42
"pass",42
"perform",42
"readi",42
"serious",42
"singl",42
"war",42
"weve",42
"woman",42
"agre",41
"chanc",41
"comment",41
"die",41
"guess",41
"hair",41
"heard",41
"known",41
"major",41
"pick",41
"realiz",41
"sometim",41
"trip",41
"wish",41
"women",41
"claim",40
"collect",40
"film",40
"heat",40
"oh",40
"reach",40
"shop",40
"son",40
"star",40
"studi",40
"success",40
"taken",40
"vote",40
"wednesday",40
"york",40
"announc",39
"artist",39
"avail",39
"larg",39
"mom",39
"score",39
"sleep",39
"speak",39
"term",39
"total",39
"worker",39
"america",38
"articl",38
"charact",38
"clear",38
"either",38
"els",38
"forc",38
"goal",38
"histori",38
"note",38
"perhap",38
"produc",38
"unit",38
"west",38
"associ",37
"campaign",37
"certain",37
"excit",37
"figur",37
"fire",37
"oil",37
"origin",37
"posit",37
"short",37
"six",37
"spent",37
"stand",37
"tast",37
"ticket",37
"town",37
"worth",37
"although",36
"appear",36
"april",36
"blue",36
"box",36
"brother",36
"brown",36
"budget",36
"career",36
"cool",36
"difficult",36
"director",36
"felt",36
"gave",36
"join",36
"leagu",36
"perfect",36
"rais",36
"rate",36
"surpris",36
"teacher",36
"toward",36
"wasnt",36
"won",36
"’re",35
"activ",35
"behind",35
"colleg",35
"didn’t",35
"drop",35
"especi",35
"investig",35
"involv",35
"isnt",35
"leader",35
"march",35
"north",35
"particular",35
"secur",35
"strong",35
"tomorrow",35
"train",35
"tuesday",35
"wont",35
"’ll",34
"accept",34
"act",34
"church",34
"custom",34
"dog",34
"door",34
"easi",34
"energi",34
"gift",34
"goe",34
"judg",34
"photo",34
"remov",34
"rest",34
"roll",34
"special",34
"stuff",34
"suppos",34
"tweet",34
"wrong",34
"account",33
"arm",33
"beat",33
"billion",33
"christma",33
"danc",33
"definit",33
"drink",33
"e",33
"effect",33
"featur",33
"fund",33
"mile",33
"process",33
"race",33
"rock",33
"video",33
"…",32
"arriv",32
"bank",32
"bar",32
"club",32
"defens",32
"depart",32
"detail",32
"doubl",32
"due",32
"exact",32
"exist",32
"foot",32
"forward",32
"hospit",32
"huge",32
"improv",32
"inspir",32
"intern",32
"juli",32
"limit",32
"mark",32
"paint",32
"plant",32
"previous",32
"resid",32
"safe",32
"seri",32
"social",32
"step",32
"attorney",31
"dress",31
"earth",31
"elect",31
"explain",31
"fast",31
"field",31
"human",31
"insid",31
"low",31
"natur",31
"opportun",31
"parent",31
"protect",31
"recip",31
"role",31
"sing",31
"site",31
"style",31
"test",31
"what",31
"administr",30
"block",30
"brought",30
"carri",30
"comput",30
"democrat",30
"fair",30
"ground",30
"haha",30
"longer",30
"non",30
"per",30
"polit",30
"privat",30
"r",30
"research",30
"restaur",30
"round",30
"rule",30
"sister",30
"space",30
"sport",30
"sweet",30
"wear",30
"websit",30
"action",29
"appreci",29
"awesom",29
"b",29
"becam",29
"benefit",29
"choic",29
"co",29
"cup",29
"dead",29
"discuss",29
"educ",29
"exampl",29
"fit",29
"funni",29
"g",29
"hey",29
"land",29
"lose",29
"mix",29
"ohio",29
"republican",29
"respons",29
"review",29
"schedul",29
"sell",29
"simpl",29
"south",29
"spring",29
"statement",29
"suggest",29
"teach",29
"wide",29
"attent",28
"cancer",28
"concern",28
"defend",28
"demand",28
"economi",28
"fear",28
"focus",28
"husband",28
"media",28
"mr",28
"paper",28
"pop",28
"prepar",28
"regular",28
"relationship",28
"save",28
"treat",28
"tree",28
"wed",28
"wife",28
"attack",27
"catch",27
"chief",27
"choos",27
"contact",27
"credit",27
"critic",27
"effort",27
"email",27
"entir",27
"fat",27
"fight",27
"gain",27
"gas",27
"havent",27
"higher",27
"ladi",27
"led",27
"obama",27
"onlin",27
"promis",27
"reader",27
"respect",27
"seat",27
"session",27
"situat",27
"theyr",27
"tie",27
"track",27
"yeah",27
"album",26
"basic",26
"birthday",26
"bodi",26
"chicken",26
"chris",26
"egg",26
"employe",26
"execut",26
"financi",26
"floor",26
"footbal",26
"imagin",26
"june",26
"knew",26
"locat",26
"mention",26
"michael",26
"middl",26
"oper",26
"popular",26
"pull",26
"ride",26
"seek",26
"sent",26
"seven",26
"similar",26
"simpli",26
"summer",26
"sun",26
"throw",26
"trust",26
"wow",26
"x",26
"agenc",25
"air",25
"angel",25
"award",25
"bed",25
"cold",25
"connect",25
"describ",25
"determin",25
"eight",25
"generat",25
"held",25
"host",25
"id",25
"la",25
"listen",25
"memori",25
"notic",25
"opposit",25
"sad",25
"send",25
"shes",25
"technolog",25
"trade",25
"travel",25
"troubl",25
"welcom",25
"winner",25
"absolut",24
"approv",24
"attend",24
"averag",24
"bay",24
"began",24
"candid",24
"chicago",24
"confer",24
"couldnt",24
"dad",24
"dark",24
"deep",24
"dr",24
"east",24
"extra",24
"gonna",24
"hate",24
"hot",24
"hotel",24
"industri",24
"initi",24
"jump",24
"neighborhood",24
"none",24
"ok",24
"option",24
"poor",24
"propos",24
"publish",24
"purchas",24
"push",24
"rank",24
"senat",24
"societi",24
"sorri",24
"spirit",24
"titl",24
"tour",24
"type",24
"wall",24
"wine",24
"writer",24
"addit",23
"attempt",23
"bought",23
"chees",23
"clean",23
"combin",23
"cream",23
"damag",23
"danger",23
"doubt",23
"econom",23
"emerg",23
"english",23
"enter",23
"fail",23
"fashion",23
"flower",23
"grant",23
"lack",23
"laugh",23
"lie",23
"mail",23
"medic",23
"met",23
"n",23
"particip",23
"polici",23
"rain",23
"regard",23
"region",23
"repres",23
"retir",23
"shoot",23
"sort",23
"spot",23
"station",23
"suffer",23
"tabl",23
"truth",23
"voic",23
"weather",23
"worri",23
"affect",22
"amount",22
"burn",22
"california",22
"can’t",22
"client",22
"consist",22
"earlier",22
"except",22
"glad",22
"gone",22
"hang",22
"holiday",22
"jesus",22
"lake",22
"main",22
"messag",22
"oregon",22
"plus",22
"pound",22
"qualiti",22
"recommend",22
"remind",22
"respond",22
"rise",22
"safeti",22
"sourc",22
"specif",22
"tip",22
"tough",22
"twitter",22
"updat",22
"upon",22
"version",22
"washington",22
"’d",21
"abil",21
"access",21
"ahead",21
"bake",21
"beyond",21
"brain",21
"cat",21
"classic",21
"consum",21
"corner",21
"council",21
"count",21
"data",21
"desir",21
"despit",21
"episod",21
"express",21
"file",21
"fine",21
"fish",21
"fli",21
"fresh",21
"glass",21
"hall",21
"ice",21
"immedi",21
"indian",21
"jersey",21
"kick",21
"loui",21
"normal",21
"pack",21
"partner",21
"paul",21
"quarter",21
"realiti",21
"ring",21
"river",21
"search",21
"senior",21
"size",21
"tradit",21
"true",21
"vehicl",21
"wind",21
"wood",21
"yesterday",21
"adult",20
"appl",20
"bag",20
"bear",20
"caught",20
"central",20
"cleveland",20
"closer",20
"cloth",20
"competit",20
"contain",20
"crazi",20
"degre",20
"dish",20
"easili",20
"evid",20
"faith",20
"francisco",20
"gun",20
"imag",20
"insur",20
"jame",20
"jone",20
"kept",20
"key",20
"kitchen",20
"latest",20
"lesson",20
"lord",20
"mad",20
"nine",20
"paid",20
"peac",20
"progress",20
"prosecutor",20
"rang",20
"re",20
"request",20
"scene",20
"spread",20
"staff",20
"stage",20
"subject",20
"sugar",20
"tire",20
"yard",20
"admit",19
"advanc",19
"anim",19
"approach",19
"athlet",19
"bless",19
"bowl",19
"cast",19
"christi",19
"cri",19
"crime",19
"daughter",19
"david",19
"document",19
"dri",19
"feet",19
"fourth",19
"garden",19
"governor",19
"holi",19
"honest",19
"honor",19
"invest",19
"launch",19
"link",19
"lunch",19
"mayor",19
"model",19
"oven",19
"overal",19
"owner",19
"photograph",19
"prayer",19
"properti",19
"rich",19
"risk",19
"robert",19
"select",19
"sold",19
"straight",19
"struggl",19
"tom",19
"touch",19
"twice",19
"w",19
"warm",19
"will",19
"worst",19
"wouldnt",19
"abus",18
"advis",18
"agreement",18
"appar",18
"argu",18
"arrest",18
"assist",18
"avenu",18
"band",18
"chocol",18
"common",18
"contest",18
"crowd",18
"daili",18
"de",18
"deserv",18
"earn",18
"emot",18
"employ",18
"expens",18
"farm",18
"firm",18
"grand",18
"guest",18
"guid",18
"invit",18
"island",18
"leg",18
"lower",18
"match",18
"mission",18
"neither",18
"occur",18
"opinion",18
"packag",18
"patient",18
"pray",18
"purpos",18
"radio",18
"smile",18
"smith",18
"theme",18
"traffic",18
"trial",18
"valley",18
"valu",18
"wake",18
"wash",18
"won’t",18
"wors",18
"afternoon",17
"born",17
"bus",17
"c",17
"capit",17
"coast",17
"convers",17
"cooki",17
"copi",17
"cross",17
"decad",17
"depend",17
"doctor",17
"engag",17
"etc",17
"eventu",17
"favor",17
"fell",17
"fulli",17
"gather",17
"graduat",17
"guard",17
"hire",17
"histor",17
"hurt",17
"ignor",17
"incom",17
"incred",17
"institut",17
"interview",17
"item",17
"januari",17
"legisl",17
"maintain",17
"meant",17
"meat",17
"menu",17
"minor",17
"missouri",17
"museum",17
"okay",17
"own",17
"p",17
"prefer",17
"print",17
"prize",17
"proud",17
"rare",17
"replac",17
"reserv",17
"resourc",17
"row",17
"rush",17
"ryan",17
"somehow",17
"structur",17
"surviv",17
"throughout",17
"tv",17
"unfortun",17
"volunt",17
"wanna",17
"whatev",17
"william",17
"adam",16
"adopt",16
"alleg",16
"alon",16
"apart",16
"armi",16
"asid",16
"attract",16
"beach",16
"biggest",16
"boat",16
"cake",16
"channel",16
"commit",16
"committe",16
"confid",16
"construct",16
"contract",16
"debt",16
"display",16
"driver",16
"drug",16
"engin",16
"exercis",16
"exhibit",16
"extrem",16
"fabric",16
"festiv",16
"fifth",16
"fix",16
"flight",16
"freedom",16
"french",16
"fruit",16
"giant",16
"gold",16
"googl",16
"grab",16
"hip",16
"individu",16
"injuri",16
"iron",16
"johnson",16
"joy",16
"justic",16
"lane",16
"largest",16
"layer",16
"legal",16
"los",16
"loss",16
"m",16
"machin",16
"magazin",16
"network",16
"octob",16
"physic",16
"portland",16
"refer",16
"reveal",16
"romney",16
"salt",16
"screen",16
"secret",16
"septemb",16
"shoulder",16
"sick",16
"skill",16
"sponsor",16
"stick",16
"tackl",16
"televis",16
"ultim",16
"window",16
"wrote",16
"actor",15
"altern",15
"balanc",15
"battl",15
"bigger",15
"bird",15
"blood",15
"bottom",15
"brand",15
"brew",15
"bro",15
"built",15
"camera",15
"cap",15
"cardin",15
"cash",15
"cathol",15
"champion",15
"coffe",15
"comfort",15
"commerci",15
"commission",15
"communic",15
"content",15
"declin",15
"estim",15
"finger",15
"foundat",15
"fri",15
"golden",15
"gov",15
"impress",15
"inch",15
"k",15
"king",15
"lift",15
"load",15
"loan",15
"male",15
"master",15
"matt",15
"measur",15
"medium",15
"mexico",15
"mid",15
"militari",15
"modern",15
"movement",15
"mrs",15
"nativ",15
"novel",15
"obvious",15
"otherwis",15
"pair",15
"pink",15
"pizza",15
"press",15
"pressur",15
"prove",15
"root",15
"rose",15
"sea",15
"seed",15
"shoe",15
"silent",15
"speed",15
"standard",15
"suppli",15
"t",15
"text",15
"tool",15
"trail",15
"transport",15
"union",15
"unless",15
"various",15
"via",15
"vice",15
"villag",15
"warn",15
"wasn’t",15
"winter",15
"wit",15
"written",15
"youll",15
"younger",15
"achiev",14
"agent",14
"annual",14
"arent",14
"arrang",14
"basketbal",14
"blow",14
"boston",14
"breath",14
"broken",14
"championship",14
"chapter",14
"chef",14
"chines",14
"christian",14
"compar",14
"condit",14
"consult",14
"contribut",14
"convinc",14
"crew",14
"delay",14
"discov",14
"diseas",14
"divis",14
"donat",14
"draw",14
"easter",14
"edward",14
"entertain",14
"entri",14
"equip",14
"essenti",14
"failur",14
"februari",14
"femal",14
"foreign",14
"growth",14
"guilti",14
"guitar",14
"handl",14
"independ",14
"ingredi",14
"integr",14
"ipad",14
"israel",14
"jack",14
"jim",14
"joe",14
"kevin",14
"knock",14
"l",14
"languag",14
"librari",14
"lucki",14
"marin",14
"marri",14
"marriag",14
"martin",14
"mass",14
"materi",14
"mental",14
"mike",14
"most",14
"nobodi",14
"nurs",14
"pitch",14
"playoff",14
"pond",14
"potenti",14
"profil",14
"quiet",14
"reduc",14
"rout",14
"sat",14
"scienc",14
"seventh",14
"signific",14
"skin",14
"slowli",14
"somewher",14
"speech",14
"spoke",14
"stadium",14
"stock",14
"stretch",14
"studio",14
"tea",14
"tear",14
"tune",14
"victim",14
"vs",14
"weapon",14
"weird",14
"wild",14
"address",13
"aid",13
"ann",13
"app",13
"appli",13
"arizona",13
"audienc",13
"august",13
"avoid",13
"ban",13
"beef",13
"bet",13
"broke",13
"chair",13
"chat",13
"chip",13
"circumst",13
"commiss",13
"concept",13
"congress",13
"correct",13
"craft",13
"dalla",13
"daniel",13
"delici",13
"deliv",13
"devic",13
"distanc",13
"doesn’t",13
"duti",13
"element",13
"excel",13
"fee",13
"fellow",13
"fox",13
"fuel",13
"function",13
"gorgeous",13
"grade",13
"grass",13
"heal",13
"healthi",13
"hi",13
"hill",13
"intent",13
"jackson",13
"knowledg",13
"lee",13
"letter",13
"liberti",13
"luck",13
"meal",13
"mobil",13
"moral",13
"mouth",13
"negoti",13
"net",13
"newspap",13
"novemb",13
"object",13
"occasion",13
"occupi",13
"odd",13
"offens",13
"older",13
"onto",13
"orang",13
"pace",13
"pain",13
"pepper",13
"peter",13
"pic",13
"primari",13
"prime",13
"prison",13
"promot",13
"repeat",13
"retail",13
"rice",13
"sacrific",13
"salad",13
"sauc",13
"separ",13
"shock",13
"solut",13
"squar",13
"steve",13
"surround",13
"survey",13
"tech",13
"tomato",13
"wave",13
"wise",13
"youv",13
"£",12
"accus",12
"advertis",12
"afford",12
"alex",12
"appoint",12
"argument",12
"assum",12
"baltimor",12
"bathroom",12
"bedroom",12
"belong",12
"besid",12
"blend",12
"bobbi",12
"bore",12
"brave",12
"breakfast",12
"calm",12
"camp",12
"captur",12
"cheer",12
"cite",12
"citizen",12
"climat",12
"cocktail",12
"conserv",12
"constant",12
"corpor",12
"crash",12
"davi",12
"dear",12
"diaper",12
"diego",12
"draft",12
"enforc",12
"enterpris",12
"exchang",12
"expert",12
"facebook",12
"facil",12
"familiar",12
"florida",12
"forget",12
"fortun",12
"gear",12
"gotten",12
"greater",12
"greatest",12
"greek",12
"hole",12
"hollywood",12
"hop",12
"hunt",12
"indic",12
"influenc",12
"instanc",12
"instruct",12
"jan",12
"joke",12
"london",12
"manufactur",12
"mari",12
"mere",12
"michigan",12
"nba",12
"ocean",12
"payment",12
"period",12
"pool",12
"popul",12
"possess",12
"pour",12
"prior",12
"profit",12
"prospect",12
"random",12
"rebound",12
"religi",12
"religion",12
"rent",12
"rescu",12
"scott",12
"seattl",12
"settl",12
"sheet",12
"ship",12
"slight",12
"smell",12
"soup",12
"stamp",12
"stood",12
"strategi",12
"sudden",12
"super",12
"surgeri",12
"talent",12
"task",12
"ten",12
"theater",12
"tight",12
"toy",12
"truli",12
"usa",12
"vacat",12
"vision",12
"voter",12
"whose",12
"wisconsin",12
"wrap",12
"‘",11
"accomplish",11
"anyway",11
"aw",11
"bean",11
"bell",11
"bibl",11
"birth",11
"bishop",11
"blazer",11
"bottl",11
"bounc",11
"bout",11
"boyfriend",11
"branch",11
"bread",11
"breweri",11
"bright",11
"brilliant",11
"british",11
"brush",11
"bryan",11
"china",11
"chose",11
"coat",11
"colleagu",11
"colorado",11
"colour",11
"command",11
"compet",11
"complex",11
"conduct",11
"consider",11
"contemporari",11
"convert",11
"cycl",11
"debat",11
"dramat",11
"edg",11
"electr",11
"embrac",11
"eric",11
"estat",11
"european",11
"excus",11
"flavor",11
"folk",11
"ford",11
"furnitur",11
"gang",11
"german",11
"grill",11
"groceri",11
"grown",11
"gym",11
"ha",11
"hasnt",11
"hat",11
"heavi",11
"heel",11
"highest",11
"highlight",11
"highway",11
"hunter",11
"illeg",11
"immigr",11
"innoc",11
"intens",11
"internet",11
"iphon",11
"isn’t",11
"journal",11
"jr",11
"justin",11
"length",11
"liber",11
"liter",11
"mess",11
"mistak",11
"motiv",11
"mountain",11
"mushroom",11
"nap",11
"nd",11
"necessari",11
"nov",11
"offend",11
"outfit",11
"pan",11
"pattern",11
"plane",11
"profession",11
"professor",11
"qualifi",11
"quot",11
"racial",11
"ran",11
"recogn",11
"regist",11
"reject",11
"resist",11
"revenu",11
"reward",11
"richard",11
"rough",11
"sampl",11
"sen",11
"sentenc",11
"shape",11
"shower",11
"sink",11
"slice",11
"smoke",11
"spice",11
"split",11
"steven",11
"storm",11
"strength",11
"stress",11
"stuck",11
"sustain",11
"switch",11
"tap",11
"taught",11
"taylor",11
"theatr",11
"threat",11
"tim",11
"ton",11
"tone",11
"transit",11
"urban",11
"util",11
"varieti",11
"victori",11
"weight",11
"wing",11
"academ",10
"acknowledg",10
"advantag",10
"african",10
"apolog",10
"appeal",10
"atlant",10
"austin",10
"awar",10
"background",10
"basebal",10
"basi",10
"border",10
"borrow",10
"butter",10
"button",10
"canada",10
"candi",10
"chain",10
"chosen",10
"christ",10
"civil",10
"classroom",10
"convict",10
"costum",10
"coverag",10
"debut",10
"defin",10
"deni",10
"desert",10
"difficulti",10
"disast",10
"divers",10
"dj",10
"dozen",10
"drove",10
"ear",10
"easier",10
"elev",10
"empti",10
"era",10
"escap",10
"europ",10
"explor",10
"factor",10
"fantasi",10
"fantast",10
"feed",10
"fiction",10
"financ",10
"forest",10
"frustrat",10
"global",10
"gotta",10
"h",10
"harri",10
"height",10
"hide",10
"hundr",10
"ident",10
"inc",10
"incid",10
"inde",10
"injur",10
"inning",10
"introduc",10
"j",10
"journey",10
"junior",10
"labor",10
"landscap",10
"larger",10
"lawyer",10
"lay",10
"lobbi",10
"magic",10
"mall",10
"miller",10
"mine",10
"mixtur",10
"mood",10
"mysteri",10
"ncaa",10
"nuclear",10
"obtain",10
"onion",10
"passeng",10
"patrick",10
"permit",10
"pilot",10
"plate",10
"poll",10
"potato",10
"pregnant",10
"prevent",10
"princess",10
"privileg",10
"recal",10
"recess",10
"relax",10
"repair",10
"reput",10
"restor",10
"royal",10
"saint",10
"sandwich",10
"santa",10
"scout",10
"section",10
"sixth",10
"sky",10
"slow",10
"smart",10
"softwar",10
"stare",10
"status",10
"strang",10
"struck",10
"suspect",10
"tablespoon",10
"target",10
"technic",10
"teen",10
"teenag",10
"thoma",10
"threw",10
"till",10
"toni",10
"typic",10
"unabl",10
"vast",10
"veteran",10
"visitor",10
"western",10
"wheel",10
"whos",10
"wound",10
"ya",10
"yep",10
"youth",10
"’",9
"admir",9
"advoc",9
"afraid",9
"aint",9
"alcohol",9
"ale",9
"annoy",9
"anymor",9
"anywher",9
"assembl",9
"attach",9
"auto",9
"bare",9
"bond",9
"brick",9
"bridg",9
"bruce",9
"bug",9
"buri",9
"categori",9
"ceil",9
"centr",9
"charter",9
"chili",9
"chill",9
"click",9
"complain",9
"confus",9
"coordin",9
"corrupt",9
"couldn’t",9
"cute",9
"daddi",9
"decemb",9
"delight",9
"denver",9
"dine",9
"disney",9
"dollar",9
"dough",9
"dude",9
"earthquak",9
"eastern",9
"electron",9
"encourag",9
"ex",9
"expand",9
"extend",9
"extens",9
"fabul",9
"famous",9
"favourit",9
"flat",9
"forgot",9
"fulfil",9
"garlic",9
"georg",9
"glori",9
"greec",9
"grew",9
"grind",9
"hadnt",9
"hike",9
"insist",9
"instrument",9
"intend",9
"italian",9
"jazz",9
"jen",9
"jewelri",9
"knee",9
"licens",9
"lime",9
"maker",9
"manchest",9
"map",9
"method",9
"mg",9
"michell",9
"minimum",9
"musician",9
"neck",9
"notion",9
"o",9
"oliv",9
"pari",9
"passion",9
"pet",9
"phase",9
"phrase",9
"pitcher",9
"plain",9
"plenti",9
"pose",9
"pregnanc",9
"presenc",9
"preserv",9
"pursu",9
"rbi",9
"reaction",9
"repli",9
"resum",9
"rick",9
"rival",9
"ron",9
"salari",9
"sarah",9
"script",9
"shed",9
"shelv",9
"shore",9
"shout",9
"shut",9
"silver",9
"smaller",9
"soccer",9
"spanish",9
"stereotyp",9
"strike",9
"stun",9
"sum",9
"suprem",9
"surfac",9
"swap",9
"tag",9
"tank",9
"tend",9
"tender",9
"texa",9
"thick",9
"threaten",9
"thus",9
"treasur",9
"uniti",9
"user",9
"venu",9
"vietnam",9
"violent",9
"virginia",9
"web",9
"wherev",9
"y",9
"yall",9
"yell",9
"yellow",9
"zone",9
"“’s",8
"abandon",8
"absenc",8
"accid",8
"accur",8
"activist",8
"adventur",8
"advic",8
"ah",8
"aka",8
"alien",8
"andrew",8
"anti",8
"architect",8
"assur",8
"attitud",8
"baker",8
"bat",8
"beij",8
"ben",8
"bite",8
"blame",8
"bonus",8
"breast",8
"bronco",8
"brooklyn",8
"cell",8
"cent",8
"centuri",8
"chairman",8
"charl",8
"climb",8
"comb",8
"comedi",8
"compens",8
"concert",8
"conclud",8
"constitut",8
"creatur",8
"crisi",8
"crush",8
"cupcak",8
"dai",8
"dec",8
"declar",8
"decreas",8
"deepli",8
"digit",8
"dip",8
"disappoint",8
"distribut",8
"domin",8
"dot",8
"drag",8
"duck",8
"ed",8
"edit",8
"encount",8
"enorm",8
"ensur",8
"erupt",8
"euro",8
"exempt",8
"exposur",8
"flip",8
"flood",8
"forev",8
"frame",8
"frank",8
"galleri",8
"gari",8
"girlfriend",8
"graphic",8
"gray",8
"grief",8
"habit",8
"headlin",8
"hello",8
"hero",8
"household",8
"ie",8
"impact",8
"incorpor",8
"india",8
"infrastructur",8
"ink",8
"interior",8
"islam",8
"jason",8
"jean",8
"jimmi",8
"juic",8
"kansa",8
"knit",8
"laid",8
"lawmak",8
"lawsuit",8
"let’",8
"lip",8
"lone",8
"longest",8
"matthew",8
"meanwhil",8
"medit",8
"metal",8
"mini",8
"minist",8
"mitt",8
"motor",8
"muslim",8
"nail",8
"naomi",8
"negat",8
"neighbor",8
"nervous",8
"oklahoma",8
"oppon",8
"oppos",8
"orlando",8
"pasta",8
"path",8
"penalti",8
"pension",8
"plot",8
"portion",8
"pro",8
"proceed",8
"pure",8
"reform",8
"refus",8
"regul",8
"resort",8
"ribbon",8
"ridicul",8
"roster",8
"routin",8
"ruin",8
"scare",8
"scientist",8
"secretari",8
"server",8
"shift",8
"shirt",8
"shown",8
"simon",8
"soft",8
"solid",8
"soul",8
"southern",8
"spark",8
"spiritu",8
"spoken",8
"spokesman",8
"stake",8
"statist",8
"stern",8
"sticker",8
"stir",8
"storag",8
"suicid",8
"swing",8
"tebow",8
"terribl",8
"theori",8
"therefor",8
"thrown",8
"thx",8
"tissu",8
"tournament",8
"towel",8
"translat",8
"trash",8
"truck",8
"twenti",8
"uniform",8
"uniqu",8
"unknown",8
"unlik",8
"unusu",8
"urg",8
"wet",8
"whip",8
"woke",8
"<U+0093>",7
"aaron",7
"abort",7
"academi",7
"accessori",7
"adapt",7
"addict",7
"adjust",7
"affili",7
"afghanistan",7
"al",7
"aldridg",7
"amend",7
"analyst",7
"andi",7
"angri",7
"anniversari",7
"anticip",7
"anybodi",7
"anytim",7
"ao",7
"ap",7
"applic",7
"arena",7
"assault",7
"assert",7
"auction",7
"audit",7
"awak",7
"badg",7
"bargain",7
"barrel",7
"basil",7
"bench",7
"bob",7
"bold",7
"boot",7
"brewer",7
"brian",7
"britain",7
"bud",7
"bunch",7
"bureau",7
"butler",7
"cabinet",7
"cafe",7
"campus",7
"captain",7
"caramel",7
"carrot",7
"cedar",7
"ceo",7
"ceremoni",7
"certif",7
"charm",7
"cheat",7
"chop",7
"clinic",7
"closet",7
"cloud",7
"clue",7
"coal",7
"columbia",7
"columbus",7
"column",7
"comic",7
"conclus",7
"conflict",7
"congrat",7
"congratul",7
"contend",7
"conveni",7
"core",7
"couch",7
"creativ",7
"dancer",7
"dare",7
"dave",7
"deadlin",7
"decor",7
"deeper",7
"democraci",7
"descript",7
"dessert",7
"destin",7
"destroy",7
"devot",7
"dian",7
"disappear",7
"disput",7
"distinct",7
"documentari",7
"don",7
"dose",7
"drew",7
"dvd",7
"editor",7
"enabl",7
"environ",7
"establish",7
"everybodi",7
"evil",7
"extent",7
"f",7
"fallen",7
"farmer",7
"fascin",7
"fault",7
"feb",7
"fenc",7
"flash",7
"fond",7
"forgiv",7
"formal",7
"fort",7
"foster",7
"foul",7
"founder",7
"fraud",7
"frequent",7
"friendship",7
"funer",7
"gasolin",7
"globe",7
"grace",7
"grave",7
"griffin",7
"guilt",7
"haiti",7
"harder",7
"heaven",7
"hitter",7
"horn",7
"hubbi",7
"hydraul",7
"identifi",7
"idk",7
"ii",7
"illinoi",7
"inner",7
"intellig",7
"iran",7
"japanes",7
"killer",7
"kim",7
"lager",7
"laker",7
"lauren",7
"leadership",7
"leas",7
"levi",7
"liquid",7
"lock",7
"loop",7
"malaysia",7
"mandat",7
"marathon",7
"marijuana",7
"massiv",7
"melt",7
"memphi",7
"midnight",7
"milk",7
"minnesota",7
"mislead",7
"moder",7
"momentum",7
"monster",7
"multipl",7
"napa",7
"nfl",7
"nich",7
"nick",7
"nois",7
"northern",7
"ny",7
"nyc",7
"obsess",7
"oct",7
"oldest",7
"olymp",7
"op",7
"ounc",7
"overwhelm",7
"paintbal",7
"pant",7
"passag",7
"peak",7
"percentag",7
"philli",7
"pierc",7
"pit",7
"planet",7
"plead",7
"pleasur",7
"polish",7
"poverti",7
"powder",7
"precis",7
"premis",7
"premium",7
"presum",7
"pride",7
"prioriti",7
"profound",7
"prohibit",7
"queen",7
"ranger",7
"rapid",7
"raw",7
"ray",7
"recov",7
"recruit",7
"reflect",7
"regardless",7
"relief",7
"rip",7
"roger",7
"sam",7
"scale",7
"scratch",7
"secular",7
"shadow",7
"shake",7
"shame",7
"sketch",7
"sleev",7
"slip",7
"soak",7
"solv",7
"somewhat",7
"sooner",7
"sprinkl",7
"steal",7
"stem",7
"succeed",7
"tale",7
"tension",7
"tent",7
"terri",7
"territori",7
"thousand",7
"tile",7
"tongu",7
"township",7
"transfer",7
"transform",7
"trim",7
"tripl",7
"twin",7
"twist",7
"un",7
"uncl",7
"upper",7
"v",7
"van",7
"vancouv",7
"vari",7
"veget",7
"vietnames",7
"vike",7
"vintag",7
"visibl",7
"visual",7
"vocal",7
"volum",7
"wander",7
"wast",7
"whenev",7
"wire",7
"wore",7
"wouldn’t",7
"yay",7
"yo",7
"“”",6
"<U+0094>",6
"aboard",6
"absurd",6
"admiss",6
"ador",6
"afterward",6
"agricultur",6
"airlin",6
"alert",6
"amazon",6
"amen",6
"ami",6
"anchor",6
"anonym",6
"anthoni",6
"anxieti",6
"appropri",6
"aris",6
"aspect",6
"atlanta",6
"attribut",6
"ave",6
"backyard",6
"ballot",6
"barrier",6
"behalf",6
"bend",6
"bid",6
"blossom",6
"blur",6
"boil",6
"bone",6
"bother",6
"bound",6
"broad",6
"bull",6
"bullet",6
"bulli",6
"bush",6
"butterfli",6
"calendar",6
"capabl",6
"carbon",6
"carolina",6
"castro",6
"celtic",6
"chamber",6
"champagn",6
"chandler",6
"charli",6
"cheap",6
"chemic",6
"chest",6
"chick",6
"chuck",6
"cigarett",6
"circl",6
"coconut",6
"code",6
"collin",6
"combat",6
"compel",6
"competitor",6
"compromis",6
"concentr",6
"confirm",6
"congreg",6
"congression",6
"conscious",6
"constraint",6
"contrari",6
"contrast",6
"cooper",6
"counter",6
"countless",6
"creation",6
"crimin",6
"crumbl",6
"curious",6
"dan",6
"databas",6
"dc",6
"demonstr",6
"derbi",6
"detangl",6
"detect",6
"dimora",6
"discoveri",6
"dive",6
"divorc",6
"dm",6
"dodger",6
"domest",6
"download",6
"downtown",6
"dragon",6
"drawer",6
"drawn",6
"el",6
"elder",6
"elementari",6
"embarrass",6
"emili",6
"emphas",6
"endors",6
"england",6
"enthusiasm",6
"entranc",6
"et",6
"ethic",6
"evalu",6
"everyday",6
"everywher",6
"examin",6
"exhaust",6
"explod",6
"export",6
"expos",6
"fade",6
"fals",6
"faster",6
"fatal",6
"fate",6
"feedback",6
"fernandez",6
"ff",6
"flag",6
"flour",6
"flow",6
"format",6
"franc",6
"fundament",6
"fundrais",6
"gap",6
"gate",6
"gaug",6
"gender",6
"gentl",6
"geyser",6
"gig",6
"gingrich",6
"grate",6
"guarante",6
"haven’t",6
"headquart",6
"helm",6
"henc",6
"here",6
"hidden",6
"hint",6
"homeless",6
"homeschool",6
"howard",6
"hugh",6
"hulk",6
"hung",6
"hungri",6
"icon",6
"idol",6
"iii",6
"implement",6
"incumb",6
"indiana",6
"inexpens",6
"ip",6
"ireland",6
"jacob",6
"japan",6
"jeff",6
"jerri",6
"jet",6
"jewish",6
"journalist",6
"judgement",6
"judgment",6
"kelley",6
"kentucki",6
"knight",6
"knot",6
"label",6
"lamb",6
"laptop",6
"laundri",6
"leak",6
"legend",6
"legislatur",6
"legitim",6
"lemon",6
"leo",6
"lil",6
"lobbyist",6
"longtim",6
"loos",6
"loud",6
"lover",6
"luca",6
"mar",6
"memor",6
"milwauke",6
"miracl",6
"mississippi",6
"mommi",6
"monitor",6
"morgan",6
"motion",6
"mount",6
"multi",6
"muscl",6
"myth",6
"nashvill",6
"neglect",6
"nerv",6
"neutral",6
"noon",6
"nut",6
"observ",6
"occas",6
"opera",6
"oswego",6
"outcom",6
"overtim",6
"pacif",6
"packer",6
"palin",6
"palm",6
"pancak",6
"patent",6
"patrol",6
"photographi",6
"pile",6
"pinch",6
"pittsburgh",6
"pocket",6
"poem",6
"politician",6
"ponder",6
"portrait",6
"ppl",6
"precious",6
"predict",6
"premier",6
"presidenti",6
"princip",6
"probe",6
"proof",6
"proper",6
"prosecut",6
"protein",6
"protest",6
"pump",6
"purpl",6
"quilt",6
"rage",6
"ram",6
"raven",6
"realis",6
"recoveri",6
"resolv",6
"revers",6
"robin",6
"rub",6
"sacr",6
"samuel",6
"satisfact",6
"satisfi",6
"scent",6
"scheme",6
"scream",6
"sector",6
"shine",6
"shred",6
"silk",6
"silli",6
"skirt",6
"snap",6
"snow",6
"socialist",6
"sock",6
"soldier",6
"someday",6
"spill",6
"spin",6
"stanford",6
"strain",6
"strand",6
"stranger",6
"strap",6
"stream",6
"stripe",6
"sub",6
"substitut",6
"suit",6
"tablet",6
"temperatur",6
"terrorist",6
"textur",6
"therapi",6
"thin",6
"thorough",6
"tiger",6
"til",6
"tini",6
"topic",6
"toss",6
"toxic",6
"transpar",6
"treatment",6
"trek",6
"trend",6
"tutori",6
"tyler",6
"uk",6
"underground",6
"upcom",6
"ur",6
"utter",6
"valid",6
"ventur",6
"vinegar",6
"virtual",6
"wagon",6
"walker",6
"wallet",6
"ward",6
"weak",6
"wipe",6
"worldwid",6
"youd",6
"youtub",6
"abstract",5
"accent",5
"accumul",5
"ach",5
"acoust",5
"acquaint",5
"acquir",5
"acr",5
"affair",5
"afghan",5
"aggress",5
"aim",5
"aliv",5
"alright",5
"angela",5
"anni",5
"appet",5
"aroma",5
"asian",5
"assess",5
"asset",5
"ate",5
"babe",5
"bankruptci",5
"barn",5
"basket",5
"beast",5
"bee",5
"behavior",5
"belief",5
"beneath",5
"blackout",5
"blair",5
"blake",5
"blast",5
"blogger",5
"bomb",5
"boo",5
"boulevard",5
"boundari",5
"boutiqu",5
"breez",5
"broadcast",5
"bubbl",5
"bun",5
"burden",5
"cage",5
"calori",5
"cambi",5
"campbel",5
"cancel",5
"carey",5
"cd",5
"chagrin",5
"chant",5
"chao",5
"chunk",5
"circuit",5
"civic",5
"civilian",5
"clever",5
"clinton",5
"coincid",5
"collaps",5
"composit",5
"confess",5
"confront",5
"consecut",5
"context",5
"controversi",5
"convent",5
"copic",5
"cornbread",5
"cow",5
"creami",5
"creditor",5
"creek",5
"crisp",5
"crop",5
"curs",5
"dame",5
"dealer",5
"defeat",5
"deficit",5
"del",5
"demolish",5
"depress",5
"depth",5
"deputi",5
"desk",5
"detroit",5
"devil",5
"dialogu",5
"dig",5
"digi",5
"digniti",5
"discount",5
"disgust",5
"disrupt",5
"dracula",5
"drain",5
"drama",5
"economist",5
"elimin",5
"elvi",5
"em",5
"empir",5
"en",5
"enhanc",5
"environment",5
"error",5
"evan",5
"exam",5
"excess",5
"exclus",5
"exit",5
"experienc",5
"eyebrow",5
"eyelid",5
"facilit",5
"fairi",5
"fame",5
"fanci",5
"fb",5
"fbi",5
"fda",5
"fever",5
"fielder",5
"fled",5
"fm",5
"foil",5
"forecast",5
"forum",5
"freeli",5
"frozen",5
"gambl",5
"gene",5
"generous",5
"genr",5
"germani",5
"giveaway",5
"gluten",5
"golf",5
"goodby",5
"gop",5
"graceland",5
"graham",5
"grandmoth",5
"greet",5
"grey",5
"grin",5
"gypsum",5
"haircut",5
"halloween",5
"happili",5
"harbor",5
"hazard",5
"helen",5
"heritag",5
"hilari",5
"hindu",5
"hm",5
"homer",5
"honey",5
"hook",5
"horribl",5
"horror",5
"houston",5
"hudson",5
"humor",5
"hype",5
"ideal",5
"il",5
"impos",5
"imposs",5
"improvis",5
"incent",5
"indi",5
"infecti",5
"inmat",5
"innov",5
"instal",5
"interact",5
"interfer",5
"interpret",5
"interst",5
"intimid",5
"intrigu",5
"investor",5
"irish",5
"jacket",5
"jail",5
"jay",5
"juri",5
"kate",5
"kay",5
"keen",5
"kinda",5
"kiss",5
"lab",5
"larri",5
"laughter",5
"lawn",5
"le",5
"lean",5
"lego",5
"lend",5
"lifetim",5
"lion",5
"liquor",5
"lopez",5
"lt",5
"lump",5
"luxuri",5
"lyric",5
"mac",5
"man’",5
"marker",5
"marshal",5
"martina",5
"marvel",5
"mash",5
"math",5
"matur",5
"mcdonald",5
"medal",5
"medicin",5
"membership",5
"mirror",5
"mock",5
"momma",5
"monk",5
"mormon",5
"mortgag",5
"mtv",5
"mummi",5
"municip",5
"narrat",5
"nasti",5
"nearbi",5
"necessarili",5
"nerd",5
"nest",5
"newark",5
"nicol",5
"ninth",5
"nj",5
"nomin",5
"norm",5
"northwest",5
"notario",5
"now”",5
"numer",5
"oppress",5
"orlean",5
"outer",5
"outing",5
"overnight",5
"owe",5
"paddl",5
"paragraph",5
"partial",5
"pat",5
"payrol",5
"pearl",5
"personnel",5
"peyton",5
"phoenix",5
"pipelin",5
"pj",5
"planner",5
"plastic",5
"poetri",5
"pointer",5
"porch",5
"pork",5
"portray",5
"pouch",5
"pr",5
"predecessor",5
"preheat",5
"preliminari",5
"pretend",5
"princ",5
"privaci",5
"promin",5
"prompt",5
"prop",5
"provis",5
"psych",5
"punch",5
"punish",5
"q",5
"raymond",5
"realm",5
"refin",5
"regga",5
"regim",5
"relev",5
"remark",5
"remot",5
"renew",5
"rental",5
"republ",5
"resign",5
"resolut",5
"retweet",5
"rhythm",5
"rider",5
"ridg",5
"riley",5
"rocki",5
"ronson",5
"roof",5
"rover",5
"runner",5
"russel",5
"russian",5
"rutger",5
"sail",5
"sanction",5
"sang",5
"scandal",5
"scar",5
"scari",5
"scenario",5
"scotland",5
"seal",5
"sequenc",5
"shade",5
"shall",5
"shook",5
"shooter",5
"shouldnt",5
"shoutout",5
"sigh",5
"signal",5
"signatur",5
"silenc",5
"sin",5
"singer",5
"skate",5
"skip",5
"slam",5
"smooth",5
"sober",5
"solo",5
"somebodi",5
"soo",5
"southwest",5
"sox",5
"spam",5
"span",5
"specialti",5
"spectacular",5
"stab",5
"stabil",5
"starbuck",5
"stash",5
"state’",5
"steadi",5
"steer",5
"stephen",5
"stewart",5
"stoke",5
"stolen",5
"stone",5
"strateg",5
"streak",5
"stronger",5
"substanti",5
"summari",5
"summit",5
"sunni",5
"sunshin",5
"surf",5
"survivor",5
"suv",5
"swallow",5
"ta",5
"taco",5
"tampa",5
"tannehil",5
"taxpay",5
"techniqu",5
"ted",5
"temporari",5
"tennesse",5
"tenni",5
"theft",5
"theyv",5
"thompson",5
"thrift",5
"titan",5
"toler",5
"toll",5
"tourist",5
"tout",5
"tray",5
"tribut",5
"trophi",5
"tsp",5
"tumor",5
"tunnel",5
"turkey",5
"ugh",5
"ugli",5
"uh",5
"uncontrol",5
"unexpect",5
"unpack",5
"up",5
"vanilla",5
"vega",5
"veggi",5
"vet",5
"violat",5
"violenc",5
"wallac",5
"walter",5
"wealth",5
"wealthi",5
"wheat",5
"whine",5
"whoever",5
"yeh",5
"yr",5
"yur",5
"zero",5
"zoey",5
"“’m",4
"“’ve",4
"<U+0095>",4
"<U+0097>",4
"abduct",4
"absent",4
"accident",4
"accommod",4
"accompani",4
"accuraci",4
"acryl",4
"advocaci",4
"aesthet",4
"affirm",4
"africa",4
"ahh",4
"aircraft",4
"aj",4
"akron",4
"alarm",4
"albert",4
"alfr",4
"alic",4
"alik",4
"allen",4
"alongsid",4
"altogeth",4
"amidst",4
"anger",4
"ankl",4
"applaud",4
"arab",4
"arc",4
"arch",4
"aren’t",4
"argentina",4
"ari",4
"arugula",4
"aspir",4
"aswad",4
"atmospher",4
"aunt",4
"autism",4
"automat",4
"awe",4
"awkward",4
"bailey",4
"bailout",4
"bald",4
"banana",4
"bash",4
"batch",4
"battalion",4
"batter",4
"beard",4
"behav",4
"belt",4
"betti",4
"beverag",4
"billi",4
"bind",4
"biolog",4
"biscuit",4
"bizarr",4
"blank",4
"blephar",4
"bloomberg",4
"blown",4
"blvd",4
"bolt",4
"boom",4
"boost",4
"borough",4
"boss",4
"boycott",4
"brad",4
"brandon",4
"breivik",4
"brief",4
"broccoli",4
"buffet",4
"bullpen",4
"bump",4
"bumper",4
"bundl",4
"bust",4
"cafeteria",4
"calif",4
"calv",4
"cameron",4
"cape",4
"carbohydr",4
"carlo",4
"casual",4
"chart",4
"chase",4
"cheek",4
"childhood",4
"chimay",4
"chin",4
"christoph",4
"chronicl",4
"cincinnati",4
"circus",4
"citizenship",4
"clay",4
"cleanup",4
"clip",4
"coin",4
"coleslaw",4
"collabor",4
"colon",4
"commerc",4
"companion",4
"comparison",4
"compass",4
"compil",4
"complaint",4
"complimentari",4
"compos",4
"comprehens",4
"consequ",4
"conspiraci",4
"contempl",4
"contractor",4
"cooler",4
"coop",4
"copyright",4
"corp",4
"councilor",4
"counsel",4
"courag",4
"coyot",4
"creepi",4
"crown",4
"crunchi",4
"cub",4
"culmin",4
"custodi",4
"cutter",4
"cuz",4
"dam",4
"danni",4
"daunt",4
"dawn",4
"dedic",4
"defensemen",4
"deleg",4
"deliveri",4
"dent",4
"dentist",4
"detain",4
"devast",4
"dice",4
"dichotomi",4
"diet",4
"dimens",4
"dirti",4
"disc",4
"disclosur",4
"discourag",4
"dissent",4
"divid",4
"divin",4
"django",4
"doll",4
"donald",4
"doorway",4
"dougla",4
"down",4
"drank",4
"ds",4
"dt",4
"dust",4
"dutch",4
"dynam",4
"eagl",4
"eas",4
"eclips",4
"editori",4
"elf",4
"elig",4
"eliot",4
"elizabeth",4
"ellen",4
"emerald",4
"emphasi",4
"endless",4
"endur",4
"enthusiast",4
"epic",4
"equal",4
"ethnic",4
"evolut",4
"evolv",4
"exceed",4
"excerpt",4
"expans",4
"expir",4
"explos",4
"extraordinari",4
"eyeshadow",4
"factori",4
"farmhous",4
"fearless",4
"feather",4
"fed",4
"ferguson",4
"fewer",4
"fighter",4
"fiscal",4
"fisher",4
"fishermen",4
"fist",4
"flick",4
"fold",4
"forti",4
"framework",4
"freak",4
"funniest",4
"gal",4
"gallon",4
"garbag",4
"georgia",4
"gilbert",4
"glanc",4
"glorious",4
"gr",4
"grader",4
"gradual",4
"grain",4
"gravi",4
"grip",4
"gross",4
"hahaha",4
"halak",4
"halt",4
"hama",4
"hanalei",4
"hander",4
"harass",4
"hardest",4
"hardwar",4
"harm",4
"harvest",4
"haunt",4
"haven",4
"havoc",4
"hawaii",4
"hbo",4
"hed",4
"hedg",4
"hee",4
"henderson",4
"henri",4
"herb",4
"hesit",4
"hobbi",4
"holland",4
"holm",4
"homi",4
"honda",4
"hose",4
"hostil",4
"hug",4
"huh",4
"humphrey",4
"hybrid",4
"ian",4
"ignit",4
"immun",4
"imperi",4
"implant",4
"index",4
"induc",4
"infant",4
"inflat",4
"influenti",4
"inspect",4
"interrupt",4
"intersect",4
"intim",4
"invent",4
"ipod",4
"iraq",4
"itll",4
"iv",4
"jess",4
"jeter",4
"joan",4
"jog",4
"jon",4
"jordan",4
"jose",4
"joseph",4
"josh",4
"justifi",4
"kaplan",4
"keller",4
"kenneth",4
"kingdom",4
"knife",4
"kno",4
"ko",4
"kodak",4
"kyle",4
"landlord",4
"latino",4
"latter",4
"lazi",4
"leap",4
"leather",4
"lectur",4
"leftov",4
"legendari",4
"lentil",4
"lewi",4
"librarian",4
"lighter",4
"lightn",4
"linen",4
"ling",4
"literatur",4
"ma",4
"madison",4
"mainten",4
"malfatti",4
"mama",4
"maria",4
"martini",4
"massachusett",4
"mattress",4
"mav",4
"maverick",4
"max",4
"melon",4
"mesa",4
"metro",4
"mica",4
"microphon",4
"midway",4
"midwest",4
"mill",4
"min",4
"minus",4
"moran",4
"morri",4
"motorcycl",4
"motorist",4
"mound",4
"mph",4
"mumbl",4
"nake",4
"nevertheless",4
"newest",4
"newport",4
"niec",4
"nintendo",4
"nipton",4
"nod",4
"noodl",4
"nope",4
"nose",4
"notr",4
"oak",4
"oakland",4
"oath",4
"oblig",4
"occup",4
"omalley",4
"organis",4
"outstand",4
"overcast",4
"overse",4
"oversea",4
"overus",4
"oz",4
"pale",4
"panel",4
"paranorm",4
"parliament",4
"parmesan",4
"patriot",4
"patti",4
"pea",4
"pen",4
"perkin",4
"perman",4
"permiss",4
"persist",4
"perspect",4
"persuad",4
"petit",4
"petti",4
"phil",4
"pia",4
"pin",4
"platform",4
"pleasant",4
"pledg",4
"plug",4
"plz",4
"poet",4
"poison",4
"portfolio",4
"prais",4
"prefectur",4
"prep",4
"prevail",4
"priest",4
"procedur",4
"proport",4
"provoc",4
"ps",4
"psychologist",4
"pub",4
"pumpkin",4
"puppi",4
"purs",4
"quart",4
"radar",4
"radic",4
"raffl",4
"rapper",4
"rd",4
"recept",4
"reconstruct",4
"recreat",4
"reed",4
"reel",4
"refere",4
"regret",4
"reign",4
"reli",4
"renov",4
"repetit",4
"resembl",4
"residenti",4
"restless",4
"retain",4
"retreat",4
"revel",4
"rhetor",4
"rid",4
"riddl",4
"rim",4
"riot",4
"rippl",4
"rite",4
"roast",4
"robot",4
"romanc",4
"rural",4
"sacramento",4
"safer",4
"salvat",4
"sand",4
"sandi",4
"scatter",4
"scrap",4
"sean",4
"semest",4
"semi",4
"sentiment",4
"sept",4
"sesam",4
"shallow",4
"shark",4
"shatter",4
"shave",4
"sheriff",4
"showcas",4
"sight",4
"simpson",4
"sip",4
"sixer",4
"slap",4
"slot",4
"slump",4
"smarter",4
"snack",4
"solar",4
"sore",4
"sought",4
"southeast",4
"sovereign",4
"speaker",4
"specialist",4
"spencer",4
"spinach",4
"splash",4
"spokeswoman",4
"spous",4
"stain",4
"steel",4
"steep",4
"stiff",4
"stitch",4
"stomach",4
"strawberri",4
"stuf",4
"submiss",4
"submit",4
"subsequ",4
"subsidi",4
"subtl",4
"suburban",4
"sue",4
"superior",4
"surreal",4
"surrend",4
"suspicion",4
"swear",4
"sweat",4
"sweater",4
"swell",4
"swim",4
"symbol",4
"symphoni",4
"tailor",4
"tall",4
"tattoo",4
"taxi",4
"tee",4
"teeth",4
"temper",4
"templ",4
"temptat",4
"termin",4
"testifi",4
"testimoni",4
"theo",4
"theyll",4
"thread",4
"thrill",4
"thru",4
"timber",4
"tooth",4
"toronto",4
"tower",4
"trace",4
"traci",4
"tragedi",4
"trainer",4
"transact",4
"treasuri",4
"tremend",4
"triangl",4
"tribe",4
"tribun",4
"trigger",4
"turner",4
"tx",4
"tyson",4
"ucla",4
"ultra",4
"unanim",4
"unbeliev",4
"unschool",4
"upset",4
"usag",4
"usher",4
"va",4
"vacant",4
"vaccin",4
"valentin",4
"valuabl",4
"vendor",4
"vers",4
"viabl",4
"vinc",4
"vital",4
"wade",4
"wage",4
"walgreen",4
"warmth",4
"wilder",4
"wildlif",4
"wilkinson",4
"wilson",4
"withdraw",4
"withhold",4
"woman’",4
"woodi",4
"workout",4
"worn",4
"wpa",4
"wright",4
"wwii",4
"yanke",4
"year’",4
"year”",4
"yield",4
"youngest",4
"zimmerman",4
"“’re",3
"“oh",3
"<U+0096>",3
"<U+2665>",3
"½",3
"abroad",3
"acceler",3
"ace",3
"acorn",3
"actress",3
"adrenalin",3
"advers",3
"agenda",3
"aggrav",3
"airspac",3
"aisl",3
"alabama",3
"alamo",3
"allianc",3
"alter",3
"alzheimer’",3
"amarillo",3
"amnesti",3
"amongst",3
"ana",3
"ancient",3
"anderson",3
"andor",3
"angl",3
"antholog",3
"antiqu",3
"anxious",3
"anywho",3
"apollo",3
"apparel",3
"arbitr",3
"arthur",3
"artwork",3
"ash",3
"assad",3
"assign",3
"atop",3
"attic",3
"auster",3
"australia",3
"avant",3
"aveng",3
"aviat",3
"aww",3
"back”",3
"backfir",3
"backpack",3
"backward",3
"bacon",3
"bait",3
"balsam",3
"bang",3
"banner",3
"baptist",3
"barack",3
"barbara",3
"bark",3
"barrett",3
"basement",3
"bass",3
"bath",3
"bbq",3
"bday",3
"be",3
"beam",3
"beckham",3
"bedtim",3
"beethoven",3
"beg",3
"begun",3
"belarus",3
"belov",3
"benefici",3
"benson",3
"bernard",3
"berri",3
"berth",3
"bicycl",3
"bike",3
"bin",3
"bingo",3
"bitter",3
"blackberri",3
"blanch",3
"blind",3
"blond",3
"bloodi",3
"bo",3
"boast",3
"boe",3
"bogey",3
"bomber",3
"booth",3
"bradford",3
"brass",3
"breed",3
"brendan",3
"brett",3
"brewmast",3
"bride",3
"brittani",3
"broader",3
"brochur",3
"brook",3
"buck",3
"bucket",3
"buckey",3
"buddi",3
"bueno",3
"burger",3
"burial",3
"burner",3
"burst",3
"busch",3
"buse",3
"businessman",3
"buyer",3
"cabl",3
"cabrera",3
"cadillac",3
"cain",3
"calcium",3
"camaraderi",3
"camden",3
"canal",3
"candac",3
"capitalist",3
"capitol",3
"capot",3
"cardozo",3
"carlson",3
"carolina’",3
"carrier",3
"carter",3
"cartoon",3
"carv",3
"casino",3
"cassi",3
"catcher",3
"cb",3
"celeri",3
"ch",3
"chad",3
"chaka",3
"champ",3
"character",3
"chariti",3
"cheaper",3
"cheesi",3
"chevi",3
"chic",3
"choir",3
"choke",3
"cholesterol",3
"choreograph",3
"chung",3
"cigar",3
"cinco",3
"citat",3
"clackama",3
"clair",3
"clap",3
"clark",3
"clash",3
"clayton",3
"cliff",3
"clooney",3
"closur",3
"cloudi",3
"clown",3
"clutch",3
"coalit",3
"coars",3
"coastal",3
"cobb",3
"cockpit",3
"coil",3
"coleman",3
"colossian",3
"colt",3
"columnist",3
"comeback",3
"comm",3
"compassion",3
"complic",3
"compliment",3
"compon",3
"compost",3
"con",3
"concord",3
"concuss",3
"condo",3
"confidenti",3
"conquer",3
"consent",3
"consolid",3
"contamin",3
"contracept",3
"cookbook",3
"cop",3
"cord",3
"corn",3
"cornerback",3
"cosmet",3
"costa",3
"costco",3
"councillor",3
"councilman",3
"counselor",3
"cousin",3
"coutur",3
"crappi",3
"crawford",3
"crawl",3
"creator",3
"creep",3
"cruis",3
"cuba",3
"cube",3
"cuisin",3
"cult",3
"currenc",3
"curv",3
"cushion",3
"cuyahoga",3
"cyberlead",3
"da",3
"daisi",3
"dakota",3
"dang",3
"daniell",3
"darl",3
"dash",3
"dealership",3
"dean",3
"deb",3
"debri",3
"deceas",3
"decent",3
"def",3
"default",3
"defibril",3
"defici",3
"delhi",3
"deliber",3
"delic",3
"delvecchio",3
"depict",3
"deposit",3
"des",3
"detent",3
"devin",3
"diagnos",3
"diamond",3
"dictat",3
"digest",3
"dilig",3
"diplomat",3
"discharg",3
"discours",3
"discret",3
"distant",3
"distress",3
"doc",3
"dol",3
"donna",3
"donor",3
"doug",3
"dress”",3
"drill",3
"drizzl",3
"drum",3
"drummer",3
"dubious",3
"duet",3
"duke",3
"duo",3
"eager",3
"eastbound",3
"ebay",3
"echo",3
"eg",3
"ego",3
"einstein",3
"eleg",3
"eleph",3
"elsewher",3
"embellish",3
"emerson",3
"emmi",3
"emphat",3
"enemi",3
"enlighten",3
"ensembl",3
"equival",3
"er",3
"errat",3
"esteem",3
"eu",3
"evangel",3
"eve",3
"everlast",3
"everytim",3
"exclam",3
"exclud",3
"exot",3
"explan",3
"exquisit",3
"extern",3
"faculti",3
"fake",3
"feast",3
"feloni",3
"feminin",3
"fennel",3
"ferri",3
"feta",3
"fetch",3
"fi",3
"fiber",3
"fifteen",3
"firearm",3
"fireplac",3
"flavour",3
"flawless",3
"flesh",3
"flew",3
"fling",3
"floral",3
"flu",3
"flush",3
"flyer",3
"fool",3
"forg",3
"forgotten",3
"fork",3
"formula",3
"forrest",3
"forth",3
"foursquar",3
"frack",3
"franchis",3
"fred",3
"freelanc",3
"freez",3
"freshman",3
"frost",3
"fugit",3
"fuse",3
"fusion",3
"galaxi",3
"garcia",3
"gees",3
"gem",3
"gen",3
"genuin",3
"georgetown",3
"gettin",3
"ghost",3
"gibson",3
"gingerbread",3
"glavin",3
"glendal",3
"glimps",3
"godl",3
"gordon",3
"government’",3
"gps",3
"grammar",3
"grasp",3
"greas",3
"greedi",3
"greg",3
"grog",3
"groucho",3
"grudg",3
"guardian",3
"gum",3
"gut",3
"hadn’t",3
"haji",3
"haley",3
"hammer",3
"handel",3
"hangov",3
"harrison",3
"harvard",3
"hashtag",3
"haul",3
"hawk",3
"hay",3
"hd",3
"header",3
"heavili",3
"heck",3
"helicopt",3
"hindus",3
"hispan",3
"hmm",3
"home”",3
"homeown",3
"hometown",3
"homework",3
"honesti",3
"hongo",3
"hoodi",3
"hoosier",3
"hopeless",3
"hors",3
"hotter",3
"hound",3
"humbl",3
"hurd",3
"hurrican",3
"hymn",3
"illustr",3
"in",3
"inclin",3
"indefinit",3
"indict",3
"indonesian",3
"inevit",3
"infin",3
"inflamm",3
"info",3
"infus",3
"inn",3
"insan",3
"insecur",3
"instant",3
"instinct",3
"intak",3
"invas",3
"iranian",3
"ironi",3
"irrit",3
"ish",3
"isra",3
"jackman",3
"jacobi",3
"jai",3
"jam",3
"jane",3
"jar",3
"jedward",3
"jeep",3
"jefferson",3
"jennif",3
"jersey’",3
"jerusalem",3
"jill",3
"jj",3
"joint",3
"judi",3
"judo",3
"junk",3
"junko",3
"juror",3
"kahn",3
"kasich",3
"kathi",3
"kati",3
"kickoff",3
"kitten",3
"knapp",3
"korean",3
"kroger",3
"kumayama",3
"labour",3
"lace",3
"lacma",3
"lad",3
"lag",3
"lamar",3
"lanc",3
"lans",3
"lasagna",3
"latin",3
"latt",3
"laura",3
"leaf",3
"lebron",3
"len",3
"lender",3
"leonard",3
"lesser",3
"lettuc",3
"liabil",3
"liar",3
"lid",3
"lifestyl",3
"likelihood",3
"limbaugh",3
"lin",3
"lineback",3
"lineup",3
"linger",3
"lisa",3
"litig",3
"liverpool",3
"loaf",3
"locker",3
"louisvill",3
"loung",3
"loyal",3
"lsu",3
"luckili",3
"lung",3
"lutheran",3
"machaca",3
"mackenzi",3
"magnet",3
"mainstream",3
"makeov",3
"makeup",3
"manner",3
"mansion",3
"mapl",3
"maryland",3
"masculin",3
"mate",3
"meadow",3
"meantim",3
"mechan",3
"medicar",3
"melkur",3
"menus",3
"merchant",3
"miami",3
"microwav",3
"midtown",3
"migrat",3
"miner",3
"mingl",3
"minim",3
"ministri",3
"mismatch",3
"mistaken",3
"mob",3
"mode",3
"modifi",3
"moin",3
"monetari",3
"monica",3
"monmouth",3
"mont",3
"monterey",3
"montgomeri",3
"moon",3
"morristown",3
"motel",3
"mow",3
"mpg",3
"mug",3
"mulenex",3
"mustach",3
"mystic",3
"naiv",3
"nanci",3
"nathan",3
"nationwid",3
"navi",3
"neat",3
"necklac",3
"neighbour",3
"neo",3
"nephew",3
"nevada",3
"newer",3
"newslett",3
"nightmar",3
"nite",3
"noir",3
"nonprofit",3
"nonsens",3
"northeast",3
"notabl",3
"nowher",3
"numb",3
"nun",3
"nurseri",3
"nutrit",3
"nz",3
"offseason",3
"omfg",3
"one’",3
"ongo",3
"opt",3
"ordin",3
"orton",3
"outdoor",3
"outlet",3
"outrag",3
"overlook",3
"overpron",3
"overt",3
"overview",3
"owen",3
"ownership",3
"pacer",3
"pakistan",3
"pallet",3
"papa",3
"parallel",3
"pas",3
"pastor",3
"pastri",3
"patienc",3
"pave",3
"paw",3
"pdt",3
"peach",3
"pearc",3
"peculiar",3
"peel",3
"peer",3
"peggi",3
"pelosi",3
"pencil",3
"pend",3
"penn",3
"peppercorn",3
"perceiv",3
"percept",3
"perri",3
"pertwe",3
"phillip",3
"pho",3
"physiqu",3
"picnic",3
"pie",3
"pier",3
"pierogi",3
"pill",3
"pine",3
"pirat",3
"pizzeria",3
"plausibl",3
"plaza",3
"plea",3
"pleat",3
"pli",3
"plummet",3
"podcast",3
"poignant",3
"poke",3
"port",3
"postal",3
"poster",3
"postseason",3
"prank",3
"preach",3
"presley",3
"pretens",3
"primarili",3
"prius",3
"prob",3
"probat",3
"pronat",3
"pronounc",3
"propel",3
"prosper",3
"provinc",3
"psycholog",3
"pud",3
"punt",3
"qb",3
"quiz",3
"rabbit",3
"rack",3
"rag",3
"rainbow",3
"raini",3
"ralli",3
"ralph",3
"rambl",3
"ramsey",3
"rancho",3
"rap",3
"rash",3
"rb",3
"react",3
"reagan",3
"realist",3
"reconcil",3
"recycl",3
"regent",3
"registr",3
"regulatori",3
"rehabilit",3
"reimburs",3
"reinvent",3
"reliev",3
"reloc",3
"remaind",3
"renam",3
"rep",3
"repeal",3
"reproduc",3
"reproduct",3
"restrict",3
"resurrect",3
"resveratrol",3
"rev",3
"revis",3
"reviv",3
"richest",3
"richmond",3
"ritchi",3
"riva",3
"rob",3
"robertson",3
"roller",3
"rolli",3
"roommat",3
"ross",3
"rot",3
"rotat",3
"roug",3
"rudi",3
"russa",3
"ruth",3
"rv",3
"sack",3
"sacrif",3
"saga",3
"sage",3
"sakai",3
"sake",3
"salem",3
"salli",3
"salmon",3
"salon",3
"santiago",3
"sarkozi",3
"satin",3
"satur",3
"scam",3
"schneider",3
"scholarship",3
"schulz",3
"scooter",3
"scottish",3
"scottsdal",3
"scrambl",3
"scrapbook",3
"sculptur",3
"sd",3
"segment",3
"selfish",3
"semifin",3
"serena",3
"servant",3
"settlement",3
"sewer",3
"sf",3
"sgt",3
"shaker",3
"shakespear",3
"shaman",3
"sharehold",3
"shaw",3
"shelf",3
"shell",3
"shelter",3
"sherman",3
"shootout",3
"shopper",3
"shorter",3
"shortstop",3
"shove",3
"shrug",3
"shuffl",3
"shutout",3
"sidelin",3
"sidewalk",3
"siena",3
"silicon",3
"simul",3
"sir",3
"siren",3
"skim",3
"skinni",3
"slash",3
"slept",3
"slide",3
"slightest",3
"smh",3
"smoker",3
"smoothi",3
"sneak",3
"sneez",3
"sniff",3
"snyder",3
"soap",3
"sodium",3
"soften",3
"soil",3
"sole",3
"solomon",3
"son’",3
"sooth",3
"sophomor",3
"soundtrack",3
"souvenir",3
"soviet",3
"spain",3
"spectrum",3
"spray",3
"sputter",3
"squeez",3
"squish",3
"stabl",3
"stair",3
"stapl",3
"starter",3
"starv",3
"statu",3
"stellar",3
"stereo",3
"stigma",3
"sting",3
"stirrup",3
"storytel",3
"stubborn",3
"stumbl",3
"suburb",3
"suffici",3
"superb",3
"supervisor",3
"suppress",3
"surfer",3
"surg",3
"suspend",3
"suspens",3
"swansea",3
"swat",3
"sweep",3
"swept",3
"swift",3
"swirl",3
"sydney",3
"syrup",3
"tactic",3
"tallest",3
"tape",3
"tbs",3
"tbsp",3
"teaspoon",3
"temporarili",3
"tempt",3
"tenur",3
"terrain",3
"terrif",3
"terrifi",3
"tgif",3
"thai",3
"thanksgiv",3
"theyd",3
"thi",3
"thinker",3
"thirti",3
"tho",3
"thriller",3
"throat",3
"throttl",3
"thunder",3
"thwart",3
"timelin",3
"tinker",3
"toast",3
"todd",3
"toilet",3
"topp",3
"touchdown",3
"tougher",3
"toyota",3
"trader",3
"tragic",3
"tram",3
"trap",3
"trauma",3
"trayvon",3
"tressel",3
"tribal",3
"tris",3
"trite",3
"troop",3
"troughton",3
"trout",3
"troy",3
"trump",3
"truste",3
"tsunami",3
"tuition",3
"tulip",3
"tuna",3
"turnaround",3
"turtl",3
"tweep",3
"twentieth",3
"twilight",3
"twine",3
"ty",3
"uc",3
"um",3
"unclear",3
"undermin",3
"underpron",3
"underscor",3
"understood",3
"unemploy",3
"unfold",3
"unfollow",3
"unforgett",3
"unidentifi",3
"unitarian",3
"unpaid",3
"upload",3
"uptown",3
"variat",3
"vest",3
"veterinari",3
"vibe",3
"victoria",3
"vigil",3
"villa",3
"villain",3
"vinyl",3
"virus",3
"visa",3
"vocalist",3
"vocifer",3
"volt",3
"vulner",3
"wa",3
"wagner",3
"waist",3
"wale",3
"warrant",3
"warrior",3
"wassil",3
"wax",3
"wayn",3
"weav",3
"werent",3
"wesley",3
"westminst",3
"wheeler",3
"whew",3
"whilst",3
"widespread",3
"widow",3
"willi",3
"wilsonvill",3
"wisdom",3
"witch",3
"wizard",3
"wolf",3
"woo",3
"woodburi",3
"wool",3
"workhors",3
"workshop",3
"worship",3
"worthi",3
"wouldv",3
"wrestl",3
"wrist",3
"wwe",3
"xoxo",3
"yank",3
"yea",3
"yoga",3
"yum",3
"zoo",3
"¡",2
"‘s",2
"’caus",2
"“…",2
"“breakout",2
"“build",2
"“everyth",2
"“extrem",2
"“happi",2
"“hope",2
"“imagin",2
"“les",2
"“let",2
"“new",2
"“now",2
"“sinc",2
"“ye",2
"<U+0001F620>t",2
"<U+0092>s",2
"<U+0093><U+0092>m",2
"<U+E406>",2
"°",2
"·",2
"•",2
"aa",2
"aaa",2
"abraham",2
"abrupt",2
"absente",2
"abt",2
"accustom",2
"achatz",2
"aclu",2
"actuari",2
"acut",2
"adachi",2
"adequ",2
"adida",2
"administ",2
"adolesc",2
"adorn",2
"advisori",2
"ae",2
"affection",2
"afloat",2
"aforement",2
"afterlif",2
"agency’",2
"aggi",2
"agit",2
"agnost",2
"aguilar",2
"aib",2
"airport",2
"airsoft",2
"airtran",2
"airwav",2
"akin",2
"alan",2
"alarcon",2
"alberta",2
"alcatraz",2
"alia",2
"aliag",2
"alison",2
"allan",2
"allerg",2
"alli",2
"allig",2
"allsort",2
"alma",2
"alo",2
"alone”",2
"alpha",2
"alto",2
"alum",2
"aluminum",2
"alumni",2
"amanda",2
"amazoncom",2
"ambit",2
"america’",2
"ammonia",2
"amp",2
"ampl",2
"amus",2
"analog",2
"analyt",2
"anaphor",2
"andersen",2
"andr",2
"andrea",2
"andrew’",2
"anecdot",2
"angel’",2
"anna",2
"annett",2
"another’",2
"antivir",2
"antonio",2
"apocalyps",2
"apologis",2
"appetit",2
"applianc",2
"apprehens",2
"apprentic",2
"approxim",2
"aqua",2
"arboretum",2
"archaeolog",2
"arlington",2
"armenian",2
"armoir",2
"array",2
"arrog",2
"arteri",2
"arvada",2
"asham",2
"asia",2
"asleep",2
"asma",2
"assail",2
"assassin",2
"assemblyman",2
"asshol",2
"assn",2
"assort",2
"astronom",2
"asu",2
"asund",2
"asus",2
"att",2
"attaché",2
"attain",2
"attir",2
"aug",2
"australian",2
"authent",2
"automak",2
"avalon",2
"avert",2
"avi",2
"avid",2
"await",2
"awhil",2
"awok",2
"az",2
"babeu",2
"bachmann",2
"backbon",2
"backer",2
"backstag",2
"backup",2
"badger",2
"bail",2
"balk",2
"ballet",2
"ballroom",2
"banda",2
"bangkok",2
"banish",2
"banker",2
"baptis",2
"baptism",2
"barbera",2
"barbershop",2
"barri",2
"baseman",2
"bassett",2
"bate",2
"bathsheba",2
"batman",2
"battleground",2
"batum",2
"bb",2
"bc",2
"bcuz",2
"bead",2
"beatti",2
"beau",2
"beeswax",2
"beet",2
"beig",2
"bekay",2
"belgian",2
"belgium",2
"belieb",2
"belli",2
"bellotti",2
"benchmark",2
"bengal",2
"bennett",2
"bento",2
"benton",2
"benz",2
"berglund",2
"berkeley",2
"beth",2
"betray",2
"bever",2
"bf",2
"bi",2
"biden",2
"bieber",2
"bigey",2
"biggi",2
"bikini",2
"billboard",2
"biographi",2
"birdi",2
"birmingham",2
"birthright",2
"bistro",2
"bittersweet",2
"biz",2
"blackbird",2
"blackpot",2
"blackwhit",2
"blagojevich",2
"blah",2
"blair’",2
"blanket",2
"blaze",2
"bliss",2
"blueberri",2
"blunt",2
"blush",2
"bois",2
"bolster",2
"bonni",2
"booklet",2
"bookshelv",2
"bounci",2
"bow",2
"boxer",2
"brace",2
"bracket",2
"bradi",2
"brainer",2
"brandi",2
"branson",2
"brat",2
"braun",2
"brazil",2
"brazilian",2
"breach",2
"briefli",2
"broadway",2
"broth",2
"brown’",2
"bruin",2
"bruno",2
"brutal",2
"bryant",2
"btw",2
"buchanan",2
"buddhist",2
"bueller",2
"builder",2
"bulk",2
"bundt",2
"bunt",2
"burk",2
"burlesqu",2
"burnett",2
"burton",2
"butthead",2
"buyout",2
"buzz",2
"bye",2
"cabin",2
"cabinetri",2
"cacao",2
"cactus",2
"cal",2
"cambridg",2
"camembert",2
"cameo",2
"campground",2
"canadian",2
"candl",2
"canneri",2
"canning",2
"cano",2
"canola",2
"canton",2
"canva",2
"capac",2
"capaldi",2
"carb",2
"cardboard",2
"careless",2
"caribbean",2
"carmanah",2
"carmelo",2
"carniv",2
"carol",2
"carpaccio",2
"carr",2
"cart",2
"casserol",2
"castillo",2
"cater",2
"catfood",2
"cathedr",2
"cattl",2
"caucasian",2
"caution",2
"cayle",2
"cbt",2
"ceas",2
"cellphon",2
"cemeteri",2
"certifi",2
"chalk",2
"chapman",2
"charger",2
"charit",2
"charlott",2
"cheddar",2
"chelsea",2
"chemotherapi",2
"chen",2
"cheng",2
"cheroke",2
"cherri",2
"chessboard",2
"chesser",2
"chevrolet",2
"chew",2
"childish",2
"chile",2
"chinatown",2
"chong",2
"chord",2
"chore",2
"chorus",2
"christ”",2
"christie’",2
"chrome",2
"chrysler",2
"chuckl",2
"chunki",2
"churn",2
"cilantro",2
"cindi",2
"cipriano",2
"citibank",2
"clam",2
"clara",2
"clare",2
"clarif",2
"classi",2
"classmat",2
"cleaner",2
"clement",2
"clipper",2
"clock",2
"clog",2
"clove",2
"clubhous",2
"cluster",2
"cmon",2
"coaster",2
"coax",2
"cobo",2
"codey",2
"coffer",2
"cole",2
"collar",2
"collater",2
"collector",2
"collegi",2
"collis",2
"coloni",2
"columbin",2
"commentari",2
"commod",2
"commonwealth",2
"commut",2
"company’",2
"compat",2
"complianc",2
"compound",2
"compris",2
"conceal",2
"conceiv",2
"concess",2
"concret",2
"concurr",2
"condemn",2
"condens",2
"condon",2
"conduc",2
"conductor",2
"conform",2
"conjunct",2
"conjur",2
"consensus",2
"conservat",2
"consign",2
"consol",2
"conspir",2
"continent",2
"conting",2
"contractu",2
"cope",2
"copeland",2
"copper",2
"corinthian",2
"cornea",2
"cornill",2
"corridor",2
"cosgrov",2
"cottag",2
"cotton",2
"councilmen",2
"courteous",2
"courtroom",2
"covington",2
"cowboy",2
"cowel",2
"coyl",2
"crab",2
"cradl",2
"crafti",2
"craig",2
"crank",2
"cranki",2
"crayon",2
"craze",2
"creas",2
"credibl",2
"crema",2
"cring",2
"cro",2
"crochet",2
"cruel",2
"crusad",2
"crust",2
"crutch",2
"crystal",2
"cs",2
"ct",2
"cuban",2
"cuddl",2
"culinari",2
"cull",2
"cupertino",2
"curb",2
"curios",2
"curl",2
"curti",2
"cutback",2
"cutler",2
"dagostini",2
"dairi",2
"dali",2
"damon",2
"darius",2
"darnel",2
"darrel",2
"dat",2
"day”",2
"daycar",2
"daytim",2
"dayton",2
"dd",2
"deacon",2
"deaf",2
"debit",2
"decay",2
"deem",2
"deepest",2
"deer",2
"deja",2
"dek",2
"delawar",2
"demo",2
"demon",2
"den",2
"denni",2
"deptford",2
"derek",2
"deriv",2
"descend",2
"descent",2
"desisto",2
"despair",2
"desper",2
"deterg",2
"deterr",2
"detour",2
"detriment",2
"devis",2
"devolv",2
"dewin",2
"dhea",2
"dia",2
"diabet",2
"diagram",2
"dial",2
"diari",2
"diarrhea",2
"dicken",2
"dictatorship",2
"diecut",2
"diem",2
"diesel",2
"digistamp",2
"digress",2
"dillon",2
"dimension",2
"diner",2
"dior",2
"dipoto",2
"direction",2
"dirk",2
"dirt",2
"dis",2
"disabl",2
"disadvantag",2
"disband",2
"disbelief",2
"discard",2
"disciplin",2
"disclos",2
"dismay",2
"dismiss",2
"disord",2
"dispar",2
"dispatch",2
"dissatisfi",2
"dissolv",2
"distinguish",2
"distort",2
"disturb",2
"diver",2
"dixi",2
"dixon",2
"djibril",2
"djokov",2
"dl",2
"dmitri",2
"dnt",2
"dock",2
"doctrin",2
"dodg",2
"dole",2
"dominican",2
"don´t",2
"don<U+0092>t",2
"done”",2
"donovan",2
"doom",2
"downgrad",2
"downhil",2
"downtrodden",2
"downturn",2
"dp",2
"draco",2
"drastic",2
"drench",2
"driven",2
"driveway",2
"du",2
"dudley",2
"dulcinea",2
"dull",2
"dumont",2
"duncan",2
"dune",2
"dunelm",2
"dwarf",2
"dy",2
"dynasti",2
"earl",2
"earthbound",2
"eater",2
"eaton",2
"eclect",2
"eco",2
"ecolog",2
"eddi",2
"edison",2
"eduardo",2
"eel",2
"eerili",2
"effici",2
"effortless",2
"egypt",2
"egyptian",2
"eh",2
"eighth",2
"elbow",2
"elit",2
"elk",2
"elli",2
"elliott",2
"elus",2
"embattl",2
"emboss",2
"empow",2
"emul",2
"enact",2
"end”",2
"endang",2
"energ",2
"energet",2
"engler",2
"entiti",2
"entrepreneur",2
"entwin",2
"eod",2
"equiti",2
"errand",2
"esp",2
"espn",2
"essay",2
"essenc",2
"essex",2
"est",2
"estrogen",2
"etch",2
"eto’o",2
"etta",2
"eugen",2
"evacu",2
"evolutionari",2
"exacerb",2
"exclaim",2
"excurs",2
"exploit",2
"exposit",2
"extract",2
"extravag",2
"exxonmobil",2
"eyewit",2
"fabian",2
"fac",2
"falter",2
"fanni",2
"fare",2
"father’",2
"faut",2
"faux",2
"fav",2
"fava",2
"fax",2
"fbw",2
"feinstein",2
"fellowship",2
"femm",2
"fenton",2
"fetus",2
"fiddl",2
"fideicomiso",2
"fiend",2
"fierc",2
"filter",2
"finalist",2
"fitch",2
"fitzgerald",2
"fla",2
"flair",2
"flake",2
"flax",2
"flea",2
"fledg",2
"fleec",2
"fleet",2
"fleme",2
"flex",2
"flexibl",2
"flit",2
"float",2
"flock",2
"flop",2
"floridian",2
"floyd",2
"fluffi",2
"fluid",2
"fluke",2
"foam",2
"fog",2
"foodi",2
"foolish",2
"footstep",2
"forthcom",2
"fortress",2
"foster’",2
"fought",2
"fr",2
"fragranc",2
"franchot",2
"franklin",2
"frantic",2
"frayn",2
"freakin",2
"freehold",2
"frees",2
"freeway",2
"frenzi",2
"fridg",2
"frighten",2
"frugal",2
"ft",2
"fun”",2
"funnier",2
"furi",2
"furious",2
"gaga",2
"gaither",2
"gala",2
"gale",2
"ganach",2
"gangster",2
"gardin",2
"garment",2
"garner",2
"garnish",2
"garza",2
"gasp",2
"gateway",2
"gatewood",2
"ge",2
"gee",2
"geithner",2
"genius",2
"geograph",2
"geolog",2
"gerald",2
"germ",2
"gestur",2
"getaway",2
"getti",2
"gg",2
"gibraltar",2
"giddi",2
"giggl",2
"gin",2
"ginsburg",2
"girli",2
"girls’",2
"givin",2
"gladiat",2
"glasgow",2
"glee",2
"glenn",2
"glide",2
"glitter",2
"glove",2
"glow",2
"go”",2
"goali",2
"goat",2
"goddess",2
"godfath",2
"goin",2
"gomez",2
"goo",2
"goodnight",2
"goodwil",2
"goos",2
"gospel",2
"gottman",2
"govt",2
"gracious",2
"grammi",2
"grandaddi",2
"granddaught",2
"grandpa",2
"granni",2
"gratitud",2
"greenhous",2
"greenwich",2
"gregg",2
"greyston",2
"grimm",2
"gritti",2
"grizzli",2
"groovi",2
"groundout",2
"grove",2
"grover",2
"guardsmen",2
"guernica",2
"guidanc",2
"gulp",2
"gust",2
"guthri",2
"gwen",2
"gypsi",2
"habitat",2
"hail",2
"halfway",2
"halv",2
"ham",2
"hamburg",2
"hamilton",2
"hamm",2
"hampton",2
"hancock",2
"handbag",2
"handi",2
"handicap",2
"handset",2
"hangout",2
"hank",2
"hanlon",2
"hannah",2
"happier",2
"har",2
"harden",2
"hardi",2
"harmoni",2
"harold",2
"harsh",2
"hash",2
"hast",2
"hatch",2
"hath",2
"hatr",2
"haut",2
"hdtv",2
"headband",2
"headi",2
"headphon",2
"healthier",2
"heap",2
"heartach",2
"heartbeat",2
"heartbreak",2
"heartbroken",2
"heartfelt",2
"hearti",2
"heather",2
"heavyweight",2
"hebert",2
"heckert",2
"heed",2
"heheh",2
"heller",2
"helmet",2
"helsinki",2
"henson",2
"hhs",2
"hibern",2
"hideous",2
"highland",2
"himher",2
"hindenburg",2
"hing",2
"hisher",2
"hitchcock",2
"hockey",2
"hoffmann",2
"hog",2
"hogtoberfest",2
"holliday",2
"homeland",2
"homemad",2
"homeopath",2
"homepag",2
"homicid",2
"homosexu",2
"honk",2
"hood",2
"hooray",2
"horman",2
"hormone”",2
"hornet",2
"horseradish",2
"hospic",2
"hostag",2
"hourlong",2
"housel",2
"how",2
"hpvs",2
"hr",2
"hrs",2
"hs",2
"huffington",2
"hull",2
"humid",2
"humili",2
"hunger",2
"hurray",2
"hygien",2
"hypocrisi",2
"hyun",2
"iceland",2
"icm",2
"identif",2
"ideolog",2
"idiot",2
"ih",2
"illumin",2
"imageri",2
"imit",2
"immens",2
"immor",2
"imperfect",2
"imperialist",2
"impli",2
"implic",2
"imprison",2
"impromptu",2
"improp",2
"impuls",2
"inabl",2
"inaccur",2
"inaccuraci",2
"inadequ",2
"inaugur",2
"incept",2
"incident",2
"indigen",2
"indirect",2
"indoor",2
"industry’",2
"ineffect",2
"ineffici",2
"infield",2
"infiltr",2
"inflam",2
"inflict",2
"infograph",2
"infuri",2
"ingrain",2
"inherit",2
"injustic",2
"inkssenti",2
"inland",2
"insomnia",2
"inspector",2
"instagram",2
"instil",2
"insult",2
"insurance”",2
"intact",2
"intel",2
"inter",2
"intercept",2
"interdict",2
"interfaith",2
"interrog",2
"intervent",2
"introvert",2
"intuit",2
"invad",2
"io",2
"iowa",2
"ir",2
"iren",2
"irrelev",2
"irrig",2
"issuer",2
"itch",2
"ivi",2
"jacksonvill",2
"jacqu",2
"jade",2
"jare",2
"je",2
"jeffrey",2
"jelli",2
"jeopard",2
"jeopardi",2
"jessica",2
"jewel",2
"jingl",2
"jk",2
"jockey",2
"joel",2
"johnni",2
"jonathan",2
"jude",2
"judici",2
"juliana",2
"jumper",2
"jumpsuit",2
"junction",2
"jus",2
"juvenil",2
"kale",2
"kane",2
"kany",2
"kaptur",2
"karen",2
"karl",2
"kat",2
"kathleen",2
"kauai",2
"kayak",2
"kc",2
"kean’",2
"keitani",2
"keith",2
"kell",2
"kelli",2
"kelsey",2
"kerpen",2
"kerri",2
"khmer",2
"kickback",2
"kindergarten",2
"kings”",2
"kirkwood",2
"kissimme",2
"klain",2
"klein",2
"kley",2
"kloecken",2
"kobach",2
"koenig",2
"koma",2
"kosher",2
"koster",2
"kristin",2
"kroll",2
"krous",2
"krywenki",2
"kucinich",2
"kuhio",2
"kuhlman",2
"kyiv",2
"laden",2
"lakeridg",2
"lambert",2
"lang",2
"latch",2
"lauder",2
"layout",2
"leah",2
"learner",2
"legaci",2
"legitimaci",2
"lemm",2
"lengthi",2
"lennon",2
"león",2
"lescroat",2
"leshour",2
"lessen",2
"lethbridg",2
"levitt",2
"lexi",2
"li",2
"liam",2
"lieuten",2
"life’",2
"likewis",2
"lilliquist",2
"lincoln",2
"lindbergh",2
"lindsay",2
"lindsey",2
"lipstick",2
"lis",2
"listeria",2
"lit",2
"literaci",2
"literari",2
"littlest",2
"livestock",2
"liz",2
"llc",2
"lo",2
"loav",2
"lofti",2
"log",2
"logo",2
"loki",2
"lollypop",2
"longeneck",2
"longer<U+653C><U+3E64><U+613C><U+3E30><U+623C><U+3E63>tand",2
"loom",2
"lope",2
"loretta",2
"lori",2
"loser",2
"lou",2
"louder",2
"lousi",2
"lrgp",2
"ls",2
"luci",2
"lug",2
"lui",2
"lumahai",2
"lumber",2
"luncheon",2
"luscious",2
"luv",2
"lux",2
"lymph",2
"lynchen",2
"lynn",2
"macaroni",2
"macaulay",2
"magick",2
"magnific",2
"magnitud",2
"maharaj",2
"mahi",2
"mai",2
"mailbox",2
"majest",2
"malcolm",2
"mamá",2
"man”",2
"manageri",2
"manga",2
"mango",2
"manhattan",2
"manifest",2
"manipul",2
"manni",2
"manor",2
"manslaught",2
"mantra",2
"manuel",2
"manzo",2
"marc",2
"marci",2
"marco",2
"mariano",2
"mario",2
"marion",2
"marketplac",2
"marous",2
"martinez",2
"marvin",2
"marx",2
"mascot",2
"mask",2
"master’",2
"mater",2
"materialist",2
"matheni",2
"maximum",2
"maya",2
"mayo",2
"mayweath",2
"mcgovern",2
"mckenzi",2
"mcmillan",2
"meatless",2
"media”",2
"medicaid",2
"medina",2
"mediocr",2
"mega",2
"mel",2
"melani",2
"melissa",2
"mellow",2
"melvin",2
"memo",2
"menac",2
"mentor",2
"merchandis",2
"merg",2
"merger",2
"merit",2
"mesquit",2
"meter",2
"metrohealth",2
"mexican",2
"mi",2
"micah",2
"mice",2
"mickey",2
"microsoft",2
"middleson",2
"middleton",2
"midfield",2
"midst",2
"mignon",2
"milan",2
"milieu",2
"millennium",2
"minc",2
"mini”",2
"minneapoli",2
"mint",2
"mischief",2
"misconduct",2
"misfortun",2
"mist",2
"mistress",2
"misunderstand",2
"mitchel",2
"miura",2
"mixtap",2
"mma",2
"mnf",2
"mogul",2
"moistur",2
"molli",2
"mondragon",2
"monke",2
"monkey",2
"monopoli",2
"monument",2
"moor",2
"morabito",2
"moreno",2
"morgenstern",2
"mosquito",2
"motega",2
"mother’",2
"motto",2
"mourn",2
"mous",2
"mp",2
"ms",2
"mt",2
"muck",2
"mulch",2
"multipli",2
"multiti",2
"mum",2
"munch",2
"munich",2
"murphi",2
"murray",2
"murrieta",2
"mutat",2
"mytholog",2
"nabc",2
"nahb",2
"nationalist",2
"natl",2
"naturalist",2
"nc",2
"ne",2
"neal",2
"nee",2
"netanyahu",2
"netmind",2
"nettl",2
"neurologist",2
"neverland",2
"newcom",2
"newhal",2
"newman",2
"newt",2
"nfa",2
"nfls",2
"nicer",2
"nichol",2
"nichola",2
"nickelback",2
"nicki",2
"nicknam",2
"nicola",2
"night”",2
"nightmarish",2
"nip",2
"nissan",2
"node",2
"noguez",2
"nolan",2
"nomad",2
"nomine",2
"nonconfer",2
"nonpubl",2
"nonstop",2
"norquist",2
"norwegian",2
"not",2
"notebook",2
"nt",2
"nuevo",2
"nurtur",2
"nutrient",2
"nutti",2
"nw",2
"obama’",2
"obedi",2
"obes",2
"obscur",2
"obstacl",2
"obv",2
"oc",2
"offset",2
"ointment",2
"okc",2
"ol",2
"olivia",2
"olloclip",2
"omigosh",2
"onward",2
"oo",2
"ooh",2
"oop",2
"ooz",2
"opec",2
"oprah",2
"optim",2
"optimist",2
"oral",2
"orchard",2
"orchestr",2
"ordinari",2
"ore",2
"oregano",2
"oregonian",2
"oriol",2
"ornament",2
"orphan",2
"orr",2
"os",2
"ot",2
"ottoman",2
"out",2
"outlook",2
"outset",2
"outshin",2
"outward",2
"ova",2
"oval",2
"overcom",2
"overconfid",2
"overdr",2
"overhaul",2
"overhead",2
"overrid",2
"overweight",2
"oxford",2
"pa",2
"pac",2
"pact",2
"pal",2
"palo",2
"panick",2
"pantri",2
"paperwork",2
"par",2
"parad",2
"paralyz",2
"parasail",2
"paratransit",2
"pare",2
"parol",2
"parson",2
"passat",2
"passer",2
"paterno",2
"paterson",2
"pathet",2
"patina",2
"patio",2
"patron",2
"paulson",2
"pavilion",2
"payn",2
"payout",2
"pc",2
"pear",2
"pedestrian",2
"pediatrician",2
"pelican",2
"pellic",2
"penguin",2
"peni",2
"peninsula",2
"penni",2
"pentagon",2
"penthous",2
"people’",2
"people”",2
"pep",2
"pera",2
"perera",2
"perez",2
"perfum",2
"peril",2
"perk",2
"perpetu",2
"pertain",2
"petroleum",2
"pg",2
"pham",2
"phenomenon",2
"philadelphia",2
"philip",2
"philosoph",2
"philosophi",2
"php",2
"piano",2
"picasso’",2
"pickl",2
"piedmont",2
"pietrangelo",2
"pig",2
"pillar",2
"pineappl",2
"pinpoint",2
"pint",2
"pioneer",2
"piston",2
"piti",2
"plank",2
"plateau",2
"platinum",2
"plato’",2
"playlist",2
"plum",2
"plural",2
"podesta",2
"pohutu",2
"pois",2
"poker",2
"polaroid",2
"polenta",2
"policymak",2
"ponds”",2
"pong",2
"pope",2
"poppi",2
"porcelain",2
"pornographi",2
"porter",2
"portobello",2
"postpon",2
"potent",2
"potter",2
"pounc",2
"powerhous",2
"powerlin",2
"pp",2
"ppv",2
"prairi",2
"pranayama",2
"pre",2
"precaut",2
"preced",2
"predat",2
"predomin",2
"prehistor",2
"prejudic",2
"prematur",2
"prescript",2
"presley’",2
"preston",2
"preview",2
"principia",2
"procter",2
"prologu",2
"prone",2
"propag",2
"propaganda",2
"propon",2
"prosciutto",2
"prototyp",2
"proven",2
"provenc",2
"psychiatr",2
"psywar",2
"puberti",2
"publicis",2
"puck",2
"puff",2
"pujol",2
"pulp",2
"pumper",2
"pup",2
"purport",2
"pursuit",2
"qaeda",2
"qt",2
"quak",2
"quall",2
"quantiti",2
"quarterfin",2
"quartet",2
"quay",2
"que",2
"queensland",2
"quinn",2
"quo",2
"rabbi",2
"rachel",2
"racism",2
"raid",2
"railway",2
"raindrop",2
"rampant",2
"ranadivé",2
"ranch",2
"randi",2
"raspberri",2
"ratchet",2
"ration",2
"rattl",2
"readership",2
"readili",2
"reap",2
"rear",2
"rebuild",2
"recap",2
"receipt",2
"recipi",2
"reckless",2
"recognis",2
"recogniz",2
"recollect",2
"reconcili",2
"reconsid",2
"recount",2
"redefin",2
"redesign",2
"redknapp",2
"reduct",2
"redwood",2
"referr",2
"refresh",2
"refriger",2
"reggi",2
"regress",2
"rehears",2
"rein",2
"reindeer",2
"reinforc",2
"reinhardt",2
"relay",2
"relentless",2
"reliabl",2
"relish",2
"reload",2
"reluct",2
"remak",2
"rembert",2
"remix",2
"renacci",2
"rene",2
"renounc",2
"reorgan",2
"repay",2
"replenish",2
"rerun",2
"reservoir",2
"reson",2
"restart",2
"rethink",2
"reunion",2
"reunit",2
"reus",2
"revamp",2
"revert",2
"revolut",2
"rhe",2
"rhineston",2
"rhyme",2
"richardson",2
"ridgefield",2
"rif",2
"rifl",2
"rig",2
"righteous",2
"rigor",2
"risen",2
"rishi",2
"riskier",2
"ritual",2
"rivalri",2
"rivera",2
"roam",2
"robber",2
"robberi",2
"roberta",2
"robinson",2
"robocal",2
"robust",2
"rochest",2
"rocket",2
"rode",2
"rodriguez",2
"role”",2
"roman",2
"romant",2
"romney<U+0092>",2
"rond",2
"ronni",2
"rooki",2
"room’",2
"roosevelt",2
"rope",2
"rosa",2
"rosso",2
"rothko",2
"rowan",2
"rug",2
"ruler",2
"rumbl",2
"rummag",2
"runaway",2
"ruptur",2
"russia",2
"russo",2
"rustic",2
"rustl",2
"rutland",2
"safeguard",2
"sailboat",2
"sailor",2
"saltzman",2
"salvo",2
"samantha",2
"samberg",2
"samsung",2
"sanctuari",2
"sandler",2
"sangria",2
"sank",2
"santoro",2
"sap",2
"satellit",2
"satir",2
"sausag",2
"saut",2
"savannah",2
"savior",2
"savori",2
"sawyer",2
"saya",2
"sb",2
"scallop",2
"scan",2
"schlafli",2
"schlenoff",2
"scholar",2
"school’",2
"schoolhous",2
"schuyler",2
"sci",2
"scientif",2
"sconc",2
"scoop",2
"scorpius",2
"scotti",2
"scrape",2
"scrimmag",2
"scriptur",2
"scriven",2
"scrutin",2
"scurri",2
"scythian",2
"seafood",2
"seahawk",2
"seamus",2
"seaport",2
"seasid",2
"sebastian",2
"sec",2
"secondari",2
"sedat",2
"seduct",2
"seeker",2
"seizur",2
"selfless",2
"selhurst",2
"sensat",2
"sensibl",2
"sensit",2
"sequel",2
"seren",2
"serial",2
"setback",2
"sew",2
"sexi",2
"shakur",2
"shampoo",2
"shard",2
"sharp",2
"sheamus",2
"sheehan",2
"sheppard",2
"sherlock",2
"sherri",2
"shield",2
"shimmeri",2
"shin",2
"shirk",2
"shirley",2
"shorelin",2
"shotgun",2
"shoujo",2
"shriek",2
"shrink",2
"shun",2
"shuttl",2
"sid",2
"sideway",2
"sierra",2
"signpost",2
"sil",2
"silken",2
"silveri",2
"simmer",2
"simultan",2
"sincer",2
"singapor",2
"singh",2
"singular",2
"sipper",2
"sixti",2
"skeptic",2
"skillet",2
"skull",2
"slander",2
"slaughter",2
"slay",2
"sleepi",2
"sleepless",2
"slender",2
"slogan",2
"sluggish",2
"smackdown",2
"smyth",2
"snail",2
"snapper",2
"snowfal",2
"soar",2
"socialit",2
"sofi",2
"sojourn",2
"solenoid",2
"sonic",2
"sonnenuhr",2
"sorrow",2
"sour",2
"spa",2
"spaghetti",2
"spare",2
"spat",2
"spawn",2
"specul",2
"spell",2
"spellbind",2
"spicebush",2
"spici",2
"spike",2
"spillov",2
"spilt",2
"spite",2
"spoiler",2
"spokesperson",2
"spoon",2
"spotlight",2
"spreadsheet",2
"springsteen",2
"spur",2
"squad",2
"squash",2
"ss",2
"staci",2
"stack",2
"staffer",2
"staircas",2
"stakehold",2
"stalk",2
"stan",2
"stardust",2
"stark",2
"starkid",2
"starlin",2
"startl",2
"stat",2
"statehous",2
"statewid",2
"statik",2
"statut",2
"std",2
"steam",2
"steamboat",2
"steelgrass",2
"steen",2
"stent",2
"sterl",2
"stew",2
"steward",2
"sticki",2
"stinki",2
"storylin",2
"straightforward",2
"strategist",2
"straw",2
"streetscap",2
"stricken",2
"strict",2
"strikeout",2
"string",2
"stroller",2
"stuart",2
"stubblefield",2
"stud",2
"stuhl",2
"sturdi",2
"su",2
"subconsci",2
"subdu",2
"sublim",2
"subsid",2
"suckag",2
"suffic",2
"suleman",2
"summon",2
"sumner",2
"sumoi",2
"sunk",2
"sunken",2
"sunscreen",2
"superintend",2
"supermarket",2
"supernatur",2
"superstar",2
"supervis",2
"supplier",2
"surgeon",2
"surpass",2
"sushi",2
"sutter",2
"swag",2
"swamp",2
"swanson",2
"swatch",2
"sway",2
"sweden",2
"switzerland",2
"swollen",2
"sword",2
"sympathet",2
"symptom",2
"syndrom",2
"tabloid",2
"tadpol",2
"taglin",2
"taint",2
"takeov",2
"talkand",2
"talkin",2
"talli",2
"tan",2
"tantrum",2
"tapa",2
"tara",2
"tardi",2
"tcks",2
"teammat",2
"teaser",2
"tedious",2
"telephon",2
"templin",2
"tenaci",2
"tendenc",2
"tentat",2
"terrestri",2
"terror",2
"test…",2
"texan",2
"textil",2
"thailand",2
"thatcher",2
"thatll",2
"thee",2
"theolog",2
"therapist",2
"thing”",2
"thirteen",2
"thnx",2
"thor",2
"thrive",2
"thrower",2
"tht",2
"thur",2
"tighter",2
"timet",2
"timothi",2
"tix",2
"toad",2
"tobacco",2
"tofu",2
"together…",2
"tokyo",2
"toot",2
"tori",2
"tornado",2
"tortur",2
"totalitarian",2
"toulous",2
"tow",2
"tracklist",2
"trait",2
"tran",2
"transplant",2
"traumat",2
"trench",2
"trent",2
"trick",2
"trillion",2
"trio",2
"triumph",2
"trojan",2
"trove",2
"truffl",2
"truman",2
"trumpet",2
"ts",2
"tsk",2
"tub",2
"tube",2
"tuck",2
"tulo",2
"tumblr",2
"turnov",2
"tutor",2
"tweetin",2
"twelv",2
"twisti",2
"txt",2
"tycoon",2
"tyron",2
"ukip",2
"ukrainian",2
"ukulel",2
"umbrella",2
"unavail",2
"uncheck",2
"uncomfort",2
"uncov",2
"under",2
"undergradu",2
"underneath",2
"undetermin",2
"undocu",2
"unexplain",2
"unfair",2
"uni",2
"unifi",2
"unincorpor",2
"unleash",2
"unload",2
"unnecessari",2
"unnot",2
"unparallel",2
"unreal”",2
"unrel",2
"unsolv",2
"unspecifi",2
"unsustain",2
"unthink",2
"untouch",2
"unus",2
"unveil",2
"unwel",2
"uo",2
"uphil",2
"upholsteri",2
"upris",2
"urgenc",2
"uriel",2
"us”",2
"usabl",2
"usccb",2
"utmost",2
"vacanc",2
"vacuum",2
"vampir",2
"vandal",2
"vanish",2
"vanvlerah",2
"vasalisa",2
"vasquez",2
"veep",2
"vein",2
"vellum",2
"veneziano",2
"venezuelan",2
"verazzano",2
"verizon",2
"verv",2
"vespucci",2
"vibrant",2
"vicious",2
"victor",2
"vill",2
"vinaigrett",2
"vincent",2
"vineyard",2
"vista",2
"vitamin",2
"vivid",2
"void",2
"volatil",2
"volcan",2
"volstad",2
"voluntari",2
"voodoo",2
"voucher",2
"vow",2
"voyag",2
"vuitton",2
"waft",2
"waitress",2
"waiv",2
"wakefield",2
"waldo",2
"walsal",2
"walsh",2
"walt",2
"wan",2
"wane",2
"warehous",2
"warmer",2
"warner",2
"warp",2
"warren",2
"wartim",2
"washabl",2
"wat",2
"watchdog",2
"watchin",2
"watchmen",2
"watercolor",2
"watson",2
"watt",2
"wb",2
"weakest",2
"weari",2
"weasel",2
"webster",2
"wedg",2
"wee",2
"weeden",2
"weekday",2
"wehlen",2
"weigh",2
"welfar",2
"werdesheim",2
"westbrook",2
"westward",2
"whichev",2
"whipper",2
"whiski",2
"whisper",2
"whistl",2
"whitey",2
"wholesal",2
"whomev",2
"whop",2
"whyley",2
"wi",2
"wife’",2
"wiggl",2
"wii",2
"wil",2
"wildcat",2
"willard",2
"winless",2
"wiri",2
"wirth",2
"withdrawn",2
"wknd",2
"woah",2
"women’",2
"woodland",2
"woodruff",2
"wordgraph",2
"workin",2
"world’",2
"worldview",2
"worm",2
"woven",2
"wr",2
"wrath",2
"wreak",2
"wrongdo",2
"wrought",2
"ws",2
"wt",2
"wtw",2
"wwes",2
"wyden",2
"xs",2
"yahweh",2
"yao",2
"yearn",2
"years”",2
"yesss",2
"ymca",2
"yogurt",2
"yorker",2
"yosemit",2
"youngster",2
"yrs",2
"yup",2
"yvon",2
"zest",2
"zimbabw",2
"zionist",2
"zpass",2
"zumba",2
