"Str1","Str2","freq"
"last","year",45
"year","old",41
"new","york",38
"high","school",37
"look","like",33
"year","ago",33
"feel","like",27
"right","now",26
"dont","know",21
"last","week",21
"san","francisco",20
"can","see",19
"first","time",19
"next","week",18
"unit","state",17
"last","night",16
"los","angel",16
"st","loui",16
"cant","wait",15
"even","though",15
"make","sure",15
"two","year",15
"come","back",14
"dont","want",14
"five","year",14
"vice","presid",14
"can","get",13
"four","year",13
"last","month",13
"let","go",13
"littl","bit",13
"look","forward",13
"new","jersey",13
"one","day",13
"tell","us",13
"dont","think",12
"e","mail",12
"everi","day",12
"get","back",12
"good","thing",12
"one","thing",12
"polic","offic",12
"san","diego",12
"two","week",12
"want","get",12
"can","help",11
"just","want",11
"mani","peopl",11
"realli","want",11
"seem","like",11
"weve","got",11
"dont","get",10
"im","go",10
"let","us",10
"make","sens",10
"one","favorit",10
"said","“",10
"said","just",10
"want","see",10
"cant","believ",9
"didnt","know",9
"everi","time",9
"go","back",9
"go","get",9
"home","run",9
"im","sure",9
"just","get",9
"real","estat",9
"school","district",9
"sound","like",9
"take","place",9
"thank","much",9
"tri","get",9
"tri","make",9
"want","make",9
"african","american",8
"best","friend",8
"can","find",8
"don’t","know",8
"don’t","think",8
"friday","night",8
"give","away",8
"good","news",8
"happi","birthday",8
"health","care",8
"just","finish",8
"just","go",8
"just","like",8
"last","season",8
"law","enforc",8
"let","know",8
"long","term",8
"lot","time",8
"new","year",8
"next","year",8
"now","just",8
"phone","call",8
"read","book",8
"realli","like",8
"run","back",8
"social","media",8
"thank","follow",8
"three","day",8
"three","time",8
"want","go",8
"year","later",8
"ao","dai",7
"can","also",7
"come","home",7
"day","day",7
"dont","like",7
"dont","realli",7
"good","time",7
"ice","cream",7
"im","sorri",7
"ive","seen",7
"just","got",7
"just","love",7
"last","day",7
"make","differ",7
"mother","day",7
"much","better",7
"need","get",7
"never","got",7
"next","month",7
"offici","said",7
"one","anoth",7
"one","best",7
"one","can",7
"one","hand",7
"one","time",7
"one","year",7
"pay","attent",7
"polic","said",7
"real","life",7
"said","one",7
"say","one",7
"set","asid",7
"spend","time",7
"take","time",7
"th","street",7
"thing","can",7
"thing","like",7
"three","year",7
"time","go",7
"wait","see",7
"week","ago",7
"well","known",7
"work","well",7
"year","sinc",7
"’s","good",6
"’s","just",6
"attorney","general",6
"board","member",6
"brother","sister",6
"can","go",6
"can","make",6
"climat","chang",6
"coupl","week",6
"didnt","get",6
"dont","care",6
"even","know",6
"first","quarter",6
"first","two",6
"four","five",6
"general","manag",6
"get","littl",6
"get","marri",6
"get","one",6
"go","one",6
"good","luck",6
"got","one",6
"great","time",6
"help","us",6
"hip","hop",6
"holi","spirit",6
"ive","got",6
"just","one",6
"just","saw",6
"just","tri",6
"know","im",6
"let","get",6
"like","say",6
"like","see",6
"live","room",6
"long","time",6
"love","love",6
"much","fun",6
"next","day",6
"next","time",6
"now","im",6
"one","mani",6
"one","one",6
"one","person",6
"one","reason",6
"peopl","dont",6
"peopl","want",6
"per","game",6
"plead","guilti",6
"public","school",6
"put","togeth",6
"r","r",6
"realli","good",6
"said","that",6
"see","peopl",6
"small","group",6
"suprem","court",6
"thank","rt",6
"think","’s",6
"time","get",6
"two","men",6
"way","back",6
"york","citi",6
"your","go",6
"’ll","see",5
"’m","sure",5
"’re","go",5
"abl","get",5
"almost","everi",5
"alreadi","know",5
"ask","want",5
"blog","reader",5
"can","tell",5
"can","use",5
"chief","execut",5
"citi","council",5
"coast","guard",5
"congression","district",5
"couldnt","get",5
"day","week",5
"dont","believ",5
"dont","even",5
"dont","miss",5
"everi","week",5
"famili","friend",5
"father","day",5
"feel","good",5
"felt","like",5
"first","place",5
"follow","back",5
"free","time",5
"gave","birth",5
"get","good",5
"get","home",5
"get","point",5
"get","readi",5
"get","someth",5
"gift","certif",5
"give","one",5
"go","around",5
"go","away",5
"good","morn",5
"got","home",5
"guy","number",5
"high","tech",5
"hous","fire",5
"im","realli",5
"incom","tax",5
"ive","ever",5
"juli","th",5
"just","don’t",5
"just","much",5
"keep","us",5
"know","one",5
"last","two",5
"like","get",5
"like","im",5
"like","one",5
"long","day",5
"love","one",5
"love","thank",5
"make","decis",5
"make","feel",5
"make","happen",5
"mani","differ",5
"mani","thing",5
"mani","time",5
"mani","way",5
"may","help",5
"middl","class",5
"might","mean",5
"much","less",5
"nation","park",5
"nativ","american",5
"ncaa","tournament",5
"need","help",5
"normal","peopl",5
"now","can",5
"now","know",5
"now","never",5
"oh","well",5
"oliv","oil",5
"one","side",5
"one","two",5
"park","lot",5
"peopl","just",5
"point","rebound",5
"preheat","oven",5
"pretti","much",5
"realli","love",5
"realli","need",5
"realli","well",5
"said","also",5
"said","didnt",5
"saturday","morn",5
"say","love",5
"school","year",5
"score","point",5
"second","half",5
"see","someon",5
"see","someth",5
"someon","els",5
"someth","like",5
"sooner","later",5
"star","trek",5
"stay","home",5
"take","advantag",5
"take","day",5
"thank","everyon",5
"think","just",5
"time","can",5
"time","now",5
"tri","find",5
"two","day",5
"two","month",5
"two","run",5
"want","someth",5
"well","im",5
"within","minut",5
"’m","just",4
"’s","time",4
"“","think",4
"account","percent",4
"across","state",4
"alreadi","made",4
"also","ad",4
"also","includ",4
"alway","get",4
"among","thing",4
"anoth","one",4
"anyth","els",4
"anyth","like",4
"around","world",4
"ask","question",4
"averag","point",4
"babi","girl",4
"back","new",4
"bad","boy",4
"bake","dish",4
"bank","account",4
"bay","area",4
"billion","dollar",4
"black","histori",4
"black","white",4
"breast","cancer",4
"bring","back",4
"busi","model",4
"call","make",4
"can","count",4
"can","give",4
"can","imagin",4
"can","say",4
"can","start",4
"cant","get",4
"cant","help",4
"cant","tell",4
"capit","gain",4
"case","point",4
"cathol","church",4
"chamber","commerc",4
"chanc","win",4
"christi","said",4
"cloth","diaper",4
"co","op",4
"come","see",4
"compani","us",4
"cook","lager",4
"counti","prosecutor",4
"coupl","day",4
"daniel","bryan",4
"day","just",4
"day","look",4
"day","one",4
"definit","take",4
"didn’t","want",4
"didnt","think",4
"doesnt","matter",4
"don’t","want",4
"done","one",4
"dont","feel",4
"dont","wanna",4
"elementari","school",4
"end","year",4
"even","better",4
"even","get",4
"even","wors",4
"ever","ever",4
"ever","sinc",4
"everi","one",4
"everi","singl",4
"everyon","els",4
"everyth","els",4
"execut","director",4
"favorit","thing",4
"first","date",4
"first","day",4
"first","round",4
"first","team",4
"first","three",4
"found","way",4
"free","agent",4
"free","day",4
"free","speech",4
"get","away",4
"get","better",4
"get","done",4
"get","go",4
"get","money",4
"get","right",4
"get","start",4
"get","way",4
"go","make",4
"go","say",4
"good","friend",4
"good","guy",4
"gov","chris",4
"grand","prize",4
"great","day",4
"great","opportun",4
"groceri","store",4
"guy","im",4
"half","hour",4
"happi","new",4
"happi","time",4
"hard","get",4
"hard","rock",4
"help","get",4
"holiday","season",4
"home","one",4
"homer","rbi",4
"hope","see",4
"hour","later",4
"im","good",4
"im","think",4
"im","tri",4
"includ","two",4
"ive","heard",4
"ive","lost",4
"ive","made",4
"jack","white",4
"jersey","citi",4
"join","us",4
"just","day",4
"just","keep",4
"just","last",4
"just","start",4
"just","thought",4
"just","wait",4
"kansa","citi",4
"keep","go",4
"know","mani",4
"know","peopl",4
"know","time",4
"know","want",4
"lake","oswego",4
"last","one",4
"last","time",4
"last","wednesday",4
"late","s",4
"least","three",4
"legisl","session",4
"less","two",4
"like","mani",4
"like","someth",4
"littl","thing",4
"live","world",4
"lol","love",4
"lol","rt",4
"long","can",4
"look","good",4
"look","great",4
"look","see",4
"look","thing",4
"lot","thing",4
"love","look",4
"made","way",4
"make","life",4
"make","money",4
"make","us",4
"may","know",4
"mom","dad",4
"monday","night",4
"much","need",4
"much","time",4
"need","make",4
"need","need",4
"never","heard",4
"never","thought",4
"new","challeng",4
"new","orlean",4
"news","confer",4
"notr","dame",4
"nuclear","weapon",4
"number","one",4
"number","peopl",4
"number","year",4
"obama","administr",4
"one","els",4
"one","man",4
"one","million",4
"one","realli",4
"open","door",4
"orang","counti",4
"oven","degre",4
"peopl","like",4
"peopl","say",4
"plan","make",4
"play","catch",4
"play","game",4
"play","role",4
"play","well",4
"pleas","follow",4
"potato","pancak",4
"presid","commerci",4
"pretti","good",4
"prime","minist",4
"profil","pic",4
"properti","tax",4
"public","record",4
"question","whether",4
"rais","eyebrow",4
"red","light",4
"red","sox",4
"right","work",4
"said","come",4
"said","compani",4
"said","district",4
"said","first",4
"said","go",4
"said","good",4
"said","im",4
"said","monday",4
"said","never",4
"said","think",4
"said","tuesday",4
"sarah","palin",4
"say","lot",4
"say","someth",4
"seven","year",4
"sever","time",4
"someth","differ",4
"spring","break",4
"spring","game",4
"st","charl",4
"st","peter",4
"state","offici",4
"state","senat",4
"state","univers",4
"stay","tune",4
"still","need",4
"take","care",4
"take","nap",4
"take","one",4
"take","pictur",4
"tampa","bay",4
"team","play",4
"th","birthday",4
"that","good",4
"that","one",4
"there","lot",4
"thing","go",4
"thing","happen",4
"think","can",4
"think","feel",4
"think","im",4
"think","might",4
"third","parti",4
"three","hour",4
"three","men",4
"three","month",4
"three","week",4
"time","buy",4
"time","ive",4
"time","see",4
"time","think",4
"time","want",4
"time","year",4
"trash","can",4
"tri","figur",4
"tri","save",4
"two","minut",4
"two","season",4
"us","go",4
"us","know",4
"us","right",4
"video","game",4
"walk","around",4
"want","stay",4
"want","use",4
"washington","dc",4
"way","can",4
"way","go",4
"way","want",4
"week","realli",4
"well","done",4
"west","valley",4
"whether","’re",4
"whole","new",4
"whole","thing",4
"work","day",4
"work","hard",4
"work","toward",4
"work","way",4
"world","seri",4
"year","said",4
"yes","yes",4
"yesterday","afternoon",4
"yet","still",4
"york","time",4
"–","’s",3
"’m","also",3
"’m","use",3
"’s","’s",3
"’s","day",3
"’s","done",3
"’s","go",3
"’s","probabl",3
"’s","someth",3
"’ve","never",3
"“","dress”",3
"“","one",3
"absurd","imagin",3
"abus","neglect",3
"accomplish","thing",3
"across","board",3
"across","countri",3
"across","street",3
"acryl","paint",3
"actual","play",3
"ago","today",3
"ahead","time",3
"almost","alway",3
"almost","year",3
"along","way",3
"alreadi","won",3
"also","feel",3
"also","hit",3
"also","love",3
"also","plan",3
"also","said",3
"also","work",3
"alway","ask",3
"alway","go",3
"alway","love",3
"american","cancer",3
"american","idol",3
"among","mani",3
"amount","time",3
"anyon","els",3
"anyon","inform",3
"anyon","know",3
"arm","forc",3
"around","corner",3
"around","countri",3
"around","hous",3
"around","time",3
"around","year",3
"articl","said",3
"ask","’s",3
"associ","confer",3
"babi","babi",3
"babi","step",3
"back","forth",3
"back","hous",3
"back","time",3
"bad","guy",3
"base","upon",3
"becom","increas",3
"behind","home",3
"best","buy",3
"best","way",3
"better","job",3
"big","bill",3
"big","time",3
"bit","hard",3
"blake","babi",3
"blog","post",3
"board","public",3
"book","go",3
"book","one",3
"book","publish",3
"book","realli",3
"bottom","line",3
"brick","lane",3
"bright","color",3
"budget","director",3
"bueno","air",3
"bumper","sticker",3
"calori","g",3
"came","across",3
"came","home",3
"campaign","say",3
"can","caus",3
"can","choos",3
"can","come",3
"can","even",3
"can","good",3
"can","learn",3
"can","listen",3
"can","longer",3
"can","move",3
"can","never",3
"can","offer",3
"can","play",3
"can","realli",3
"can","take",3
"cancer","societi",3
"cancer","survivor",3
"cant","find",3
"cant","go",3
"cant","realli",3
"cant","sleep",3
"carbohydr","g",3
"central","bank",3
"chagrin","fall",3
"chang","mind",3
"charg","file",3
"children","year",3
"chocol","cake",3
"chop","onion",3
"chris","christi",3
"chung","ling",3
"cinco","de",3
"citi","hall",3
"civil","war",3
"close","door",3
"columbus","ohio",3
"come","across",3
"come","go",3
"command","chief",3
"compani","employe",3
"compani","manufactur",3
"complet","differ",3
"confer","call",3
"convent","center",3
"copic","marker",3
"counti","district",3
"countri","club",3
"coupl","hour",3
"coupl","year",3
"court","document",3
"court","hear",3
"court","report",3
"cream","mushroom",3
"credit","card",3
"david","stern",3
"day","come",3
"day","even",3
"day","father",3
"day","go",3
"day","im",3
"day","night",3
"day","right",3
"day","said",3
"day","still",3
"day","sun",3
"day","take",3
"day","thank",3
"dead","end",3
"deep","breath",3
"defend","champion",3
"defens","end",3
"defens","tackl",3
"del","mar",3
"depend","upon",3
"despit","fact",3
"didn’t","happen",3
"didn’t","know",3
"didnt","even",3
"didnt","make",3
"didnt","see",3
"differ","bank",3
"differ","reason",3
"dine","experi",3
"doesnt","make",3
"doesnt","seem",3
"don’t","get",3
"don’t","like",3
"done","better",3
"dont","forget",3
"dont","match",3
"draft","framework",3
"e","book",3
"earli","morn",3
"earli","s",3
"earth","one",3
"en","rout",3
"end","day",3
"english","term",3
"enjoy","one",3
"even","less",3
"ever","get",3
"ever","meet",3
"ever","see",3
"everi","littl",3
"everi","night",3
"ex","back",3
"fabric","paint",3
"fabric","roll",3
"fall","love",3
"far","less",3
"far","much",3
"feel","free",3
"feel","guilti",3
"feel","sorri",3
"feel","way",3
"fill","one",3
"final","start",3
"find","someon",3
"finish","anoth",3
"first","’s",3
"first","one",3
"first","start",3
"first","term",3
"first","year",3
"five","hour",3
"five","minut",3
"follow","love",3
"foot","arch",3
"four","hour",3
"four","month",3
"framework","plan",3
"free","food",3
"free","game",3
"free","throw",3
"friday","said",3
"friend","well",3
"front","door",3
"front","page",3
"front","runner",3
"front","us",3
"full","time",3
"futur","generat",3
"g","carbohydr",3
"g","fat",3
"g","fiber",3
"g","protein",3
"gain","exempt",3
"game","go",3
"game","onlin",3
"garden","plant",3
"get","close",3
"get","ex",3
"get","excit",3
"get","get",3
"get","kid",3
"get","love",3
"get","paid",3
"get","phone",3
"get","rid",3
"get","thing",3
"get","wrong",3
"give","us",3
"go","bed",3
"go","buy",3
"go","find",3
"go","go",3
"go","happen",3
"go","home",3
"go","like",3
"go","need",3
"go","place",3
"go","pretti",3
"go","run",3
"go","shop",3
"go","time",3
"go","way",3
"go","well",3
"go","work",3
"gold","medal",3
"golden","globe",3
"good","chanc",3
"good","go",3
"good","grief",3
"good","intent",3
"good","job",3
"good","look",3
"good","one",3
"good","servic",3
"good","way",3
"got","go",3
"got","great",3
"got","noth",3
"great","idea",3
"great","job",3
"great","place",3
"great","see",3
"great","thing",3
"great","way",3
"great","weekend",3
"group","like",3
"haha","yeah",3
"haji","lane",3
"happi","monday",3
"happi","mother",3
"hard","see",3
"hard","time",3
"havent","gotten",3
"havent","seen",3
"head","coach",3
"health","benefit",3
"health","insur",3
"hear","peopl",3
"hedg","fund",3
"help","creat",3
"help","lead",3
"help","learn",3
"help","make",3
"help","other",3
"help","peopl",3
"hes","best",3
"high","end",3
"high","enough",3
"high","heat",3
"high","recommend",3
"highest","level",3
"histori","club",3
"histori","first",3
"honest","dont",3
"hope","get",3
"hope","youll",3
"hour","pm",3
"hous","start",3
"human","be",3
"human","natur",3
"human","right",3
"hydraul","tabl",3
"illeg","immigr",3
"im","back",3
"im","gonna",3
"im","great",3
"im","interest",3
"im","just",3
"im","play",3
"im","readi",3
"im","still",3
"immigr","law",3
"infecti","diseas",3
"interest","rate",3
"iron","man",3
"isnt","exact",3
"issu","statement",3
"just","complet",3
"just","doesn’t",3
"just","done",3
"just","give",3
"just","good",3
"just","happen",3
"just","heard",3
"just","made",3
"just","might",3
"just","need",3
"just","realli",3
"just","said",3
"just","say",3
"just","think",3
"just","time",3
"just","two",3
"kaplan","said",3
"keep","eye",3
"keep","mind",3
"kid","school",3
"kind","thing",3
"knew","want",3
"knock","door",3
"know","’s",3
"know","can",3
"know","feel",3
"know","get",3
"know","know",3
"know","mean",3
"know","use",3
"la","russa",3
"last","minut",3
"last","moment",3
"last","number",3
"last","post",3
"late","night",3
"leagu","titl",3
"least","one",3
"leav","comment",3
"left","arm",3
"left","behind",3
"left","fielder",3
"less","like",3
"let","make",3
"life","better",3
"life","dont",3
"like","“",3
"like","first",3
"like","great",3
"like","just",3
"like","live",3
"like","love",3
"like","make",3
"like","old",3
"like","realli",3
"like","share",3
"like","thank",3
"like","think",3
"lime","juic",3
"limit","abil",3
"littl","boy",3
"live","build",3
"load","base",3
"loaf","bread",3
"local","communiti",3
"lol","im",3
"long","enough",3
"long","run",3
"long","sinc",3
"look","around",3
"look","back",3
"look","girl",3
"look","one",3
"look","quit",3
"lost","count",3
"lot","love",3
"love","live",3
"love","see",3
"love","someth",3
"love","thing",3
"love","time",3
"lower","price",3
"lt","fisher",3
"lump","sum",3
"lunch","break",3
"mad","men",3
"make","everi",3
"make","first",3
"make","happi",3
"make","look",3
"make","mistak",3
"make","next",3
"make","one",3
"make","smile",3
"make","someth",3
"make","way",3
"make","wonder",3
"make","year",3
"man","woman",3
"man’","version",3
"manag","partner",3
"manchest","unit",3
"mani","other",3
"mani","young",3
"may","even",3
"may","start",3
"mayb","can",3
"mayb","just",3
"medic","center",3
"medium","heat",3
"member","board",3
"member","said",3
"mg","cholesterol",3
"mg","sodium",3
"michael","jackson",3
"michigan","state",3
"mid","march",3
"mid","s",3
"middl","age",3
"might","abl",3
"might","just",3
"might","look",3
"million","year",3
"minor","leagu",3
"minut","walk",3
"miss","dot",3
"missouri","state",3
"mitt","romney",3
"montgomeri","said",3
"month","ago",3
"month","can",3
"moran","said",3
"morn","just",3
"much","easier",3
"much","like",3
"much","use",3
"much","work",3
"much","wors",3
"mushroom","soup",3
"music","play",3
"need","find",3
"need","littl",3
"need","new",3
"need","someth",3
"need","start",3
"need","walk",3
"neighborhood","watch",3
"never","mind",3
"never","realli",3
"new","book",3
"new","follow",3
"new","ipad",3
"new","jersey’",3
"new","singl",3
"night","live",3
"night","said",3
"nine","year",3
"north","carolina",3
"north","carolina’",3
"north","east",3
"noth","like",3
"now","like",3
"now","look",3
"now","one",3
"now","realli",3
"now","that",3
"now","time",3
"now","tri",3
"number","two",3
"nurs","home",3
"obama","said",3
"odd","futur",3
"offici","say",3
"often","use",3
"oh","realli",3
"ohio","state",3
"oil","gas",3
"old","boy",3
"old","man",3
"old","son",3
"one","book",3
"one","end",3
"one","eye",3
"one","goal",3
"one","made",3
"one","occas",3
"one","piec",3
"one","said",3
"one","teacher",3
"onlin","paintbal",3
"oregon","state",3
"overal","think",3
"paintbal","play",3
"part","’s",3
"part","team",3
"past","week",3
"peopl","can",3
"peopl","know",3
"peopl","least",3
"peopl","life",3
"peopl","read",3
"peopl","said",3
"peopl","think",3
"peopl","use",3
"per","serv",3
"phone","number",3
"place","live",3
"play","hard",3
"play","paintbal",3
"play","run",3
"playoff","game",3
"pleas","pleas",3
"plus","one",3
"pm","monday",3
"polic","author",3
"polic","say",3
"polit","scienc",3
"poor","man’",3
"pop","quiz",3
"popular","opinion",3
"presid","obama",3
"pretti","littl",3
"pretti","sure",3
"pretti","well",3
"previous","post",3
"price","rang",3
"prime","exampl",3
"privat","sector",3
"probabl","best",3
"project","now",3
"prosecutor","said",3
"protein","g",3
"public","hear",3
"public","safeti",3
"public","work",3
"push","hard",3
"put","us",3
"quit","bit",3
"rais","money",3
"rang","rover",3
"rbi","game",3
"readi","physiqu",3
"realiz","want",3
"realli","cool",3
"realli","easi",3
"realli","enjoy",3
"realli","feel",3
"realli","help",3
"realli","hope",3
"realli","matter",3
"realli","think",3
"realli","wish",3
"recent","year",3
"regular","season",3
"renew","energi",3
"return","home",3
"right","’s",3
"right","arm",3
"right","next",3
"ron","paul",3
"rose","garden",3
"rough","billion",3
"rt","just",3
"rush","limbaugh",3
"rv","park",3
"safe","place",3
"said","ad",3
"said","came",3
"said","can",3
"said","jim",3
"said","look",3
"said","mani",3
"said","plan",3
"said","recent",3
"said","refer",3
"said","thursday",3
"said","today",3
"said","use",3
"said","weve",3
"said","yes",3
"sakai","junko",3
"salt","pepper",3
"san","jose",3
"santa","ana",3
"saturday","april",3
"saturday","night",3
"saturday","pm",3
"say","’m",3
"say","’s",3
"say","“",3
"say","like",3
"say","shes",3
"say","thing",3
"say","word",3
"school","first",3
"school","histori",3
"school","student",3
"season","final",3
"season","first",3
"season","like",3
"second","best",3
"second","round",3
"second","third",3
"secret","servic",3
"see","can",3
"see","first",3
"see","one",3
"seen","year",3
"self","portrait",3
"senat","vote",3
"sent","email",3
"serv","calori",3
"serv","purpos",3
"servic","just",3
"set","time",3
"sever","year",3
"shot","shot",3
"show","us",3
"silicon","valley",3
"sinc","peopl",3
"sit","next",3
"six","year",3
"sleep","bed",3
"smell","like",3
"smoke","ban",3
"societi","american",3
"solv","problem",3
"someon","like",3
"someon","take",3
"someth","els",3
"someth","import",3
"soon","know",3
"south","dakota",3
"soviet","union",3
"spend","lot",3
"spent","day",3
"squar","foot",3
"stage","perform",3
"start","make",3
"start","new",3
"start","season",3
"start","see",3
"state","america",3
"state","championship",3
"state","plan",3
"stay","awak",3
"stay","silent",3
"step","forward",3
"still","go",3
"still","great",3
"still","look",3
"still","love",3
"still","think",3
"style","play",3
"sunday","afternoon",3
"super","bowl",3
"surpris","us",3
"sweet","pea",3
"t","shirt",3
"take","deep",3
"take","easi",3
"take","look",3
"take","us",3
"tax","exempt",3
"team","can",3
"tell","peopl",3
"tell","stori",3
"thank","great",3
"thank","support",3
"thank","wonder",3
"that","big",3
"that","just",3
"that","thing",3
"there","reason",3
"there","way",3
"thing","differ",3
"thing","get",3
"thing","keep",3
"thing","mani",3
"thing","realli",3
"thing","time",3
"think","’ll",3
"think","’ve",3
"think","right",3
"think","someon",3
"think","that",3
"think","your",3
"thought","’d",3
"thought","quit",3
"three","four",3
"three","member",3
"three","point",3
"throughout","year",3
"throw","first",3
"ticket","avail",3
"time","day",3
"time","famili",3
"time","know",3
"time","let",3
"time","littl",3
"time","open",3
"time","start",3
"time","work",3
"today","“",3
"today","got",3
"today","one",3
"took","job",3
"tooth","comb",3
"top","list",3
"tri","accomplish",3
"tri","see",3
"tri","take",3
"turn","around",3
"twenti","year",3
"twentieth","centuri",3
"two","game",3
"two","small",3
"tyson","chandler",3
"u","dont",3
"u","go",3
"u","r",3
"univers","citi",3
"us","compani",3
"us","get",3
"us","never",3
"us","said",3
"us","senat",3
"use","name",3
"use","phone",3
"use","simpl",3
"valley","colleg",3
"vast","major",3
"vietnames","girl",3
"view","futur",3
"wait","next",3
"want","add",3
"want","anyon",3
"want","come",3
"want","give",3
"want","one",3
"want","take",3
"want","us",3
"want","work",3
"war","ii",3
"wasn’t","sure",3
"way","live",3
"way","think",3
"way","work",3
"way","year",3
"wednesday","night",3
"week","follow",3
"week","month",3
"week","one",3
"week","said",3
"week","sinc",3
"week","year",3
"well","hope",3
"well","make",3
"well","play",3
"well","see",3
"well","today",3
"wesley","matthew",3
"west","coast",3
"west","virginia",3
"weve","seen",3
"white","hous",3
"white","stripe",3
"wide","tooth",3
"win","free",3
"wine","bar",3
"wish","list",3
"woman","like",3
"wonder","whether",3
"wont","let",3
"word","mouth",3
"work","can",3
"work","done",3
"work","home",3
"work","local",3
"work","togeth",3
"world","war",3
"wrong","dont",3
"yard","sale",3
"year","becom",3
"year","day",3
"year","last",3
"year","long",3
"year","now",3
"year","one",3
"year","prison",3
"year","year",3
"yeh","yeh",3
"yes","im",3
"yet","anoth",3
"young","children",3
"young","ladi",3
"young","man",3
"young","peopl",3
"your","tri",3
"youv","got",3
"–","guitar",2
"–","includ",2
"–","like",2
"–","peopl",2
"–","poor",2
"–","wordgraph",2
"—","includ",2
"—","just",2
"—","part",2
"—","take",2
"—","three",2
"’d","see",2
"’d","take",2
"’ll","get",2
"’ll","tell",2
"’m","say",2
"’m","tire",2
"’re","better",2
"’re","like",2
"’s","–",2
"’s","’ll",2
"’s","also",2
"’s","best",2
"’s","easi",2
"’s","enough",2
"’s","funni",2
"’s","great",2
"’s","happen",2
"’s","hard",2
"’s","last",2
"’s","lot",2
"’s","question",2
"’s","still",2
"’s","watch",2
"’s","worth",2
"’ve","actual",2
"’ve","alway",2
"’ve","given",2
"’ve","made",2
"’ve","need",2
"’ve","seen",2
"’ve","watch",2
"“","’s",2
"“","”",2
"“","can",2
"“","don’t",2
"“","game",2
"“","get",2
"“","holi",2
"“","know",2
"“","live",2
"“","say",2
"“","see",2
"“","thought",2
"“","time",2
"“’ve","around",2
"“breakout","kings”",2
"“build","busi",2
"“hope","reason",2
"“let","us",2
"”","“",2
"”","said",2
"”","thank",2
"£","£",2
"<U+0095>","block",2
"…","…",2
"abandon","us",2
"abil","make",2
"abil","see",2
"abl","finish",2
"abl","help",2
"abl","keep",2
"abl","make",2
"absent","island",2
"absolut","love",2
"absolut","unbeliev",2
"abus","boy",2
"academ","rank",2
"accord","polic",2
"accord","state",2
"accord","studi",2
"account","differ",2
"accur","report",2
"accus","take",2
"achiev","common",2
"acr","park",2
"across","one",2
"act","just",2
"act","like",2
"activ","member",2
"activ","pursu",2
"activ","use",2
"actual","approv",2
"actual","end",2
"actual","live",2
"actual","one",2
"actual","think",2
"actual","want",2
"ad","“",2
"admir","game",2
"adopt","children",2
"adrenalin","rush",2
"advanc","statist",2
"advic","like",2
"advis","client",2
"age","becam",2
"age","group",2
"age","year",2
"agenc","x",2
"agnost","pond",2
"ah","yes",2
"air","argentina",2
"airlin","merger",2
"airsoft","gun",2
"akron","ohio",2
"al","qaeda",2
"alberta","canada",2
"alex","pietrangelo",2
"allow","opinion",2
"alma","mater",2
"almost","forgot",2
"almost","like",2
"almost","long",2
"almost","week",2
"along","path",2
"alreadi","complet",2
"alreadi","place",2
"alreadi","provid",2
"alreadi","start",2
"also","becom",2
"also","begin",2
"also","call",2
"also","claim",2
"also","extend",2
"also","featur",2
"also","found",2
"also","hold",2
"also","import",2
"also","like",2
"also","made",2
"also","mean",2
"also","need",2
"also","report",2
"also","say",2
"also","take",2
"also","use",2
"also","want",2
"altern","fuel",2
"although","differ",2
"alway","advis",2
"alway","alway",2
"alway","better",2
"alway","come",2
"alway","end",2
"alway","good",2
"alway","leav",2
"alway","like",2
"alway","see",2
"alway","tell",2
"alway","thought",2
"alway","tri",2
"alway","welcom",2
"amaz","artist",2
"amaz","go",2
"amaz","see",2
"amazon","eu",2
"amazon","servic",2
"america","done",2
"american","leagu",2
"american","peopl",2
"american","poetri",2
"american","public",2
"american","societi",2
"among","defensemen",2
"among","poor",2
"analyst","say",2
"anaphor","phrase",2
"andi","burnett",2
"andr","miller",2
"andrew’","descent",2
"angela","morabito",2
"anim","group",2
"announc","say",2
"announc","week",2
"annual","averag",2
"anonym","onlin",2
"anoth","chanc",2
"anoth","idea",2
"anoth","provis",2
"anoth","question",2
"anoth","reason",2
"anoth","thing",2
"anoth","year",2
"answer","question",2
"answer","simpl",2
"answer","yes",2
"anti","war",2
"anyon","fix",2
"anyon","seen",2
"anyon","want",2
"anyth","away",2
"anyth","im",2
"anyth","just",2
"anyth","make",2
"anywher","near",2
"ap","—",2
"appar","websit",2
"appreci","gift",2
"appreci","longer<U+653C><U+3E64><U+613C><U+3E30><U+623C><U+3E63>tand",2
"appreci","thank",2
"april","open",2
"april","pm",2
"april","th",2
"arab","street",2
"area","much",2
"argument","whether",2
"arm","back",2
"armi","chief",2
"around","citi",2
"around","head",2
"around","troubl",2
"arriv","europ",2
"arriv","new",2
"art","center",2
"art","contest",2
"art","galleri",2
"art","show",2
"artist","director",2
"artist","writer",2
"ask","“",2
"ask","call",2
"ask","go",2
"ask","gov",2
"ask","person",2
"ask","recommend",2
"ask","resid",2
"ask","speak",2
"ask","whether",2
"assembl","hold",2
"associ","america",2
"associ","k",2
"athlet","director",2
"atlant","”",2
"atlant","citi",2
"atlant","counti",2
"attempt","make",2
"attent","larg",2
"attent","paid",2
"attract","thing",2
"author","“",2
"author","know",2
"author","said",2
"auto","industri",2
"auto","worker",2
"avail","mean",2
"avenu","bridg",2
"averag","american",2
"awar","time",2
"award","win",2
"awesom","im",2
"awesom","rt",2
"b","back",2
"back","appreci",2
"back","around",2
"back","burner",2
"back","day",2
"back","door",2
"back","home",2
"back","know",2
"back","let",2
"back","life",2
"back","look",2
"back","need",2
"back","old",2
"back","realiti",2
"back","said",2
"back","st",2
"back","thank",2
"back","togeth",2
"back","track",2
"back","watch",2
"back","work",2
"bad","news",2
"bad","night",2
"balanc","bill",2
"bald","eagl",2
"ball","get",2
"ball","say",2
"balsam","vinegar",2
"baltimor","sun",2
"ban","lobbyist",2
"ban","three",2
"bank","system",2
"bar","first",2
"barack","obama",2
"bare","regist",2
"basebal","cap",2
"basic","grey",2
"basic","premis",2
"bat","titl",2
"battalion","th",2
"battl","scene",2
"beach","hanalei",2
"beat","never",2
"beauti","day",2
"beauti","hair",2
"beauti","outsid",2
"beauti","paint",2
"becam","activ",2
"becam","first",2
"becam","one",2
"becam","public",2
"beckham","said",2
"becom","evid",2
"becom","less",2
"becom","part",2
"becom","popular",2
"becom","self",2
"bed","husband",2
"beer","two",2
"began","career",2
"begin","day",2
"begin","play",2
"believ","dream",2
"believ","happen",2
"believ","just",2
"believ","must",2
"believ","still",2
"believ","tell",2
"bell","ring",2
"bend","elbow",2
"berth","newspap",2
"best","defens",2
"best","direct",2
"best","high",2
"best","known",2
"best","movi",2
"best","peopl",2
"best","play",2
"best","point",2
"best","reader",2
"best","remov",2
"best","season",2
"best","show",2
"best","thing",2
"best","worst",2
"better","definit",2
"better","expect",2
"better","later",2
"better","look",2
"better","place",2
"better","servic",2
"better","team",2
"better","usual",2
"beyond","arc",2
"beyond","word",2
"bibl","studi",2
"big","box",2
"big","day",2
"big","deal",2
"big","enough",2
"big","factor",2
"big","job",2
"big","move",2
"big","news",2
"big","part",2
"big","pictur",2
"big","place",2
"big","screen",2
"big","shot",2
"biggest","victim",2
"bill","go",2
"bill","like",2
"billion","budget",2
"billion","worth",2
"bind","arbitr",2
"birthday","parti",2
"biscuit","pond",2
"bit","advic",2
"bit","comfort",2
"black","bean",2
"black","lace",2
"black","pepper",2
"black","student",2
"black","women",2
"blackpot","beach",2
"blend","togeth",2
"block","away",2
"block","shot",2
"blog","start",2
"blog","think",2
"blog","want",2
"blood","sugar",2
"board","realli",2
"boat","behind",2
"bois","state",2
"bold","pattern",2
"book","book",2
"book","featur",2
"book","first",2
"book","price",2
"book","see",2
"border","secur",2
"borrow","money",2
"borrow","one",2
"bounc","back",2
"bowl","take",2
"box","left",2
"box","offic",2
"box","store",2
"boy","girl",2
"brain","mind",2
"brand","new",2
"break","occur",2
"break","receiv",2
"brew","beer",2
"breweri","report",2
"brewmast","dinner",2
"bright","blue",2
"bring","call",2
"bring","case",2
"bring","cloth",2
"bring","glori",2
"bring","hous",2
"bring","togeth",2
"bring","total",2
"bring","us",2
"bro","ill",2
"broken","heart",2
"brother","john",2
"brought","back",2
"brought","home",2
"brought","us",2
"brown","eye",2
"brown","say",2
"brown","sugar",2
"bruce","said",2
"bucket","list",2
"bueller","day",2
"build","built",2
"build","nation",2
"build","road",2
"build","similar",2
"built","cabinetri",2
"bureau","polici",2
"bus","stop",2
"busch","stadium",2
"busi","can",2
"busi","case",2
"busi","communiti",2
"busi","day",2
"busi","opportun",2
"busi","week",2
"butter","melt",2
"buy","big",2
"buy","say",2
"buy","stock",2
"c","pp",2
"cake","love",2
"calendar","year",2
"call","appl",2
"call","back",2
"call","call",2
"call","case",2
"call","just",2
"call","mani",2
"call","mayb",2
"call","now",2
"call","one",2
"call","play",2
"call","prairi",2
"call","project",2
"call","quit",2
"call","say",2
"call","someon",2
"call","wasnt",2
"came","famili",2
"came","last",2
"came","mind",2
"came","next",2
"came","right",2
"campaign","two",2
"campaign","year",2
"can","add",2
"can","alway",2
"can","anyon",2
"can","ask",2
"can","becom",2
"can","believ",2
"can","bottl",2
"can","bring",2
"can","build",2
"can","buy",2
"can","carri",2
"can","catch",2
"can","contact",2
"can","continu",2
"can","creat",2
"can","decid",2
"can","difficult",2
"can","done",2
"can","eat",2
"can","fulli",2
"can","high",2
"can","home",2
"can","lead",2
"can","name",2
"can","one",2
"can","rememb",2
"can","run",2
"can","seen",2
"can","someon",2
"can","someth",2
"can","sort",2
"can","spread",2
"can","substitut",2
"can","sustain",2
"can","think",2
"can","tri",2
"can","trust",2
"can","u",2
"can’t","catch",2
"can’t","even",2
"can’t","stop",2
"can’t","tell",2
"can’t","wait",2
"candi","appl",2
"candid","democrat",2
"canola","oil",2
"cant","afford",2
"cap","hit",2
"cape","may",2
"captur","peopl",2
"car","park",2
"car","seat",2
"car","stop",2
"caramel","onion",2
"cardin","manag",2
"care","provid",2
"carri","ann",2
"case","ever",2
"case","law",2
"case","sinc",2
"case","social",2
"cash","hand",2
"cast","member",2
"cathol","bishop",2
"caus","im",2
"ceil","tile",2
"celebr","children",2
"cell","phone",2
"cent","per",2
"center","diseas",2
"center","villag",2
"central","kansa",2
"certain","expect",2
"ch","ch",2
"challeng","come",2
"challeng","first",2
"challeng","just",2
"challeng","maintain",2
"challeng","paper",2
"challeng","time",2
"chanc","catch",2
"chanc","get",2
"chang","pose",2
"chang","profil",2
"chang","us",2
"charg","conspiraci",2
"charter","govern",2
"chat","room",2
"check","swing",2
"chees","frost",2
"chef","john",2
"chicago","new",2
"chicago","well",2
"chicken","wing",2
"chief","economist",2
"chief","staff",2
"child","abus",2
"child","go",2
"child","pornographi",2
"children","hospit",2
"children","live",2
"chip","away",2
"chocol","chip",2
"cholesterol","g",2
"chop","basil",2
"christma","eve",2
"christma","gift",2
"christma","present",2
"christma","tree",2
"church","now",2
"cigarett","almost",2
"cite","concern",2
"citi","block",2
"citi","parent",2
"citi","public",2
"citi","school",2
"citi","seem",2
"citi","st",2
"citi","state",2
"citizen","unit",2
"civic","engag",2
"civil","right",2
"clayton","school",2
"clear","breach",2
"clear","choic",2
"clear","kept",2
"clear","need",2
"cleveland","ohio",2
"click","link",2
"client","call",2
"clinton","june",2
"close","compani",2
"close","follow",2
"close","us",2
"closer","guardian",2
"club","like",2
"co","founder",2
"co","owner",2
"co","worker",2
"coach","kevin",2
"coincid","think",2
"cold","even",2
"colleg","career",2
"colleg","degre",2
"color","rich",2
"come","check",2
"come","close",2
"come","conclus",2
"come","due",2
"come","far",2
"come","forward",2
"come","now",2
"come","play",2
"come","soon",2
"come","town",2
"come","visit",2
"comedi","can",2
"comic","book",2
"comm","il",2
"comment","last",2
"comment","matter",2
"commission","dan",2
"common","good",2
"communiti","also",2
"communiti","colleg",2
"communiti","group",2
"compani","alreadi",2
"compani","also",2
"compani","roll",2
"compani","told",2
"compani","want",2
"complet","comfort",2
"complet","game",2
"compos","piec",2
"compromis","differ",2
"comput","help",2
"concern","littl",2
"concern","state",2
"condit","anonym",2
"confer","semifin",2
"congress","get",2
"consum","confid",2
"consum","price",2
"continu","face",2
"continu","reveal",2
"continu","support",2
"continu","without",2
"contract","expir",2
"control","live",2
"control","one",2
"cook","counti",2
"cook","note",2
"cook","pasta",2
"cool","time",2
"corpor","media",2
"cost","money",2
"cost","one",2
"cost","r",2
"cost","repair",2
"council","member",2
"count","one",2
"counti","commission",2
"counti","council",2
"counti","offici",2
"counti","said",2
"counti","sheriff",2
"coupl","time",2
"cours","lot",2
"cours","meal",2
"cours","offer",2
"cours","week",2
"court","appeal",2
"court","paper",2
"cover","expens",2
"cream","chees",2
"cream","milk",2
"creat","menu",2
"creat","new",2
"creat","stereotyp",2
"crime","rate",2
"cro","ponds”",2
"crowd","game",2
"cub","scout",2
"cultur","busi",2
"cultur","kid",2
"cultur","valu",2
"cup","tea",2
"current","law",2
"current","research",2
"custom","bring",2
"custom","keep",2
"cut","cube",2
"cut","cut",2
"cut","feder",2
"cut","frame",2
"cut","hair",2
"cuyahoga","counti",2
"d","essex",2
"d","thank",2
"dad","final",2
"daddi","car",2
"dai","school",2
"daili","basi",2
"dalla","beckham",2
"dan","saltzman",2
"dancer","say",2
"date","june",2
"date","said",2
"david","frees",2
"day","age",2
"day","also",2
"day","anticip",2
"day","cut",2
"day","erupt",2
"day","everyth",2
"day","far",2
"day","know",2
"day","lake",2
"day","last",2
"day","life",2
"day","lol",2
"day","nation",2
"day","need",2
"day","noth",2
"day","race",2
"day","rt",2
"day","seem",2
"day","teach",2
"day","time",2
"day","togeth",2
"day","without",2
"day","work",2
"de","mayo",2
"dead","bodi",2
"dead","forc",2
"deal","bring",2
"deal","work",2
"death","age",2
"death","penalti",2
"debat","whether",2
"debit","card",2
"decad","time",2
"decid","final",2
"decid","one",2
"decis","game",2
"decis","make",2
"declar","alreadi",2
"declin","comment",2
"deeper","deeper",2
"deeper","way",2
"defend","aldridg",2
"definit","go",2
"definit","just",2
"definit","worth",2
"deja","blue",2
"delici","food",2
"democraci","malaysia",2
"democrat","candid",2
"democrat","nomin",2
"deni","father",2
"depart","said",2
"depend","mani",2
"deposit","check",2
"derek","low",2
"des","moin",2
"deserv","much",2
"detangl","tool",2
"determin","effort",2
"devic","broken",2
"didnt","answer",2
"didnt","enough",2
"didnt","expect",2
"didnt","give",2
"didnt","go",2
"didnt","help",2
"didnt","like",2
"didnt","want",2
"differ","believ",2
"differ","day",2
"differ","way",2
"difficult","difficult",2
"digniti","california",2
"dinner","just",2
"dinner","tonight",2
"direct","affect",2
"direct","indirect",2
"director","new",2
"disband","day",2
"discuss","case",2
"discuss","concern",2
"diseas","control",2
"dispar","pay",2
"distress","ink",2
"district","attorney",2
"district","court",2
"divis","fish",2
"dm","u",2
"dodger","stadium",2
"doesn’t","understand",2
"doesnt","happen",2
"doesnt","know",2
"doesnt","work",2
"dog","last",2
"dol","cent",2
"domest","disput",2
"don’t","alway",2
"don’t","becom",2
"don’t","even",2
"don’t","give",2
"don’t","go",2
"don’t","see",2
"done","coupl",2
"done","said",2
"done","studi",2
"dont","give",2
"dont","judg",2
"dont","let",2
"dont","look",2
"dont","need",2
"dont","text",2
"dont","work",2
"door","one",2
"door","open",2
"doubl","chocol",2
"doubl","dip",2
"doubl","figur",2
"doubl","time",2
"dr","john",2
"dr","make",2
"dream","also",2
"dream","come",2
"dri","food",2
"drink","also",2
"drink","drink",2
"drink","tonight",2
"drink","water",2
"drive","littl",2
"drug","addict",2
"dt","member",2
"e","zpass",2
"earli","age",2
"earli","day",2
"earli","thursday",2
"earlier","month",2
"earlier","today",2
"earn","live",2
"earth","human",2
"earthbound","pertwe",2
"earthquak","tsunami",2
"easi","make",2
"easi","store",2
"east","ninth",2
"east","side",2
"east","wind",2
"easter","day",2
"easter","weekend",2
"eastern","european",2
"eat","much",2
"eat","one",2
"eat","strawberri",2
"eco","tent",2
"econom","advis",2
"econom","growth",2
"edward","take",2
"effect","lessen",2
"effort","get",2
"egg","replac",2
"eight","career",2
"eight","year",2
"either","us",2
"either","way",2
"elect","offici",2
"electr","vehicl",2
"elvi","presley",2
"elvi","presley’",2
"embrac","church",2
"emerg","manag",2
"emmi","golden",2
"employ","peopl",2
"employe","complain",2
"employe","health",2
"employe","retir",2
"encourag","us",2
"end","“",2
"end","convers",2
"end","game",2
"end","long",2
"end","may",2
"end","point",2
"end","possibl",2
"end","residenti",2
"end","season",2
"end","time",2
"energi","use",2
"enforc","offici",2
"enjoy","day",2
"enjoy","movi",2
"enjoy","read",2
"enorm","amount",2
"enough","allow",2
"enough","get",2
"enough","say",2
"enough","work",2
"entir","time",2
"entir","world",2
"eod","tomorrow",2
"episod","air",2
"especi","famili",2
"essenti","oil",2
"estim","cost",2
"etc","like",2
"etta","jame",2
"european","central",2
"even","begin",2
"even","faster",2
"even","let",2
"even","new",2
"even","realli",2
"even","today",2
"even","went",2
"even","within",2
"event","th",2
"ever","<U+E406>",2
"ever","heard",2
"ever","make",2
"ever","seen",2
"ever","think",2
"everi","adult",2
"everi","believ",2
"everi","countri",2
"everi","famili",2
"everi","friday",2
"everi","man",2
"everi","morn",2
"everi","state",2
"everi","year",2
"everlast","heaven",2
"everyon","go",2
"everyon","good",2
"everyon","seem",2
"everyon","support",2
"everyon","want",2
"everyth","can",2
"everyth","chang",2
"everyth","hope",2
"everyth","look",2
"everyth","right",2
"everyth","said",2
"everywher","turn",2
"exampl","–",2
"exampl","focus",2
"exceed","expect",2
"excit","see",2
"exclam","point",2
"exempt","tax",2
"exhibit","show",2
"exist","first",2
"expect","anyth",2
"expect","first",2
"expens","buy",2
"experi","said",2
"extent","possibl",2
"extra","terrestri",2
"extrem","hard",2
"eye","american",2
"eye","seem",2
"eye","way",2
"face","challeng",2
"face","charg",2
"face","fact",2
"face","pressur",2
"face","real",2
"facebook","page",2
"facebook","twitter",2
"fact","tri",2
"failur","even",2
"fair","enough",2
"fair","hous",2
"faith","custom",2
"falter","economi",2
"famili","adopt",2
"famili","also",2
"famili","histori",2
"famili","im",2
"famili","member",2
"famili","need",2
"famili","origin",2
"famili","own",2
"famili","pay",2
"fan","also",2
"fan","help",2
"fantasi","footbal",2
"far","enough",2
"far","fortun",2
"far","realli",2
"far","use",2
"farmer","market",2
"fashion","accessori",2
"fashion","howev",2
"fast","enough",2
"fast","forward",2
"fast","peopl",2
"fat","dead",2
"fat","g",2
"fat","mg",2
"fatal","shoot",2
"fava","bean",2
"favor","candid",2
"favorit","color",2
"favorit","word",2
"fda","said",2
"fed","make",2
"feder","employe",2
"feder","govern",2
"feder","law",2
"feder","prosecutor",2
"feder","spend",2
"feel","bad",2
"feel","complet",2
"feel","ever",2
"feel","great",2
"feel","next",2
"feel","nice",2
"feel","now",2
"feel","one",2
"feel","whole",2
"feet","inch",2
"felt","quit",2
"ferri","bueller",2
"festiv","st",2
"fiber","mg",2
"fiction","film",2
"fifteen","year",2
"fifth","round",2
"figur","new",2
"file","put",2
"fill","big",2
"fill","hour",2
"fill","life",2
"fill","need",2
"fill","void",2
"film","im",2
"film","produc",2
"final","got",2
"final","made",2
"final","seen",2
"financi","crisi",2
"financi","institut",2
"financi","secur",2
"find","dont",2
"find","help",2
"find","lol",2
"find","neverland",2
"find","pictur",2
"find","strength",2
"find","way",2
"fine","dine",2
"finish","first",2
"finish","one",2
"finish","thing",2
"finish","went",2
"fire","captain",2
"first","album",2
"first","appear",2
"first","book",2
"first","class",2
"first","degre",2
"first","floor",2
"first","four",2
"first","full",2
"first","game",2
"first","half",2
"first","hand",2
"first","line",2
"first","met",2
"first","minut",2
"first","part",2
"first","season",2
"first","second",2
"first","sinc",2
"first","six",2
"first","thing",2
"first","week",2
"fiscal","year",2
"fish","recip",2
"fish","wildlif",2
"five","day",2
"five","differ",2
"five","game",2
"five","hit",2
"five","peopl",2
"five","ten",2
"five","time",2
"fla","—",2
"flag","pond",2
"flat","diaper",2
"flip","flop",2
"florida","state",2
"focus","need",2
"focus","three",2
"follow","’",2
"follow","blog",2
"follow","get",2
"follow","lead",2
"follow","page",2
"follow","pleas",2
"follow","reader",2
"follow","two",2
"follow","us",2
"follow","well",2
"food","insecur",2
"food","wine",2
"foot","pound",2
"foot","roll",2
"footbal","leagu",2
"footbal","team",2
"forc","bullet",2
"forc","firearm",2
"ford","plant",2
"form","can",2
"former","gov",2
"former","governor",2
"former","health",2
"forrest","said",2
"fought","back",2
"found","brother",2
"found","ceil",2
"found","citi",2
"found","day",2
"found","guilti",2
"found","two",2
"four","day",2
"four","first",2
"four","race",2
"four","three",2
"fourth","grade",2
"fourth","juli",2
"fox","sport",2
"fraud","last",2
"free","agenc",2
"free","ride",2
"free","ticket",2
"free","use",2
"freedom","give",2
"fresh","green",2
"fresh","look",2
"freshman","year",2
"friday","juli",2
"friday","make",2
"friday","park",2
"friday","pm",2
"friday","rock",2
"friday","saturday",2
"friday","u",2
"friday","wake",2
"friend","can",2
"friend","famili",2
"friend","said",2
"friend","take",2
"friend","think",2
"front","just",2
"fruit","can",2
"fuel","price",2
"full","day",2
"full","fledg",2
"full","length",2
"full","roll",2
"full","season",2
"full","throttl",2
"full","week",2
"fun","game",2
"fun","kid",2
"fun","page",2
"funni","book",2
"funni","moment",2
"funni","thing",2
"funni","well",2
"futur","base",2
"futur","challeng",2
"futur","today",2
"g","satur",2
"gain","yard",2
"gallon","might",2
"gambl","co",2
"game","get",2
"game","last",2
"game","like",2
"game","soon",2
"game","start",2
"game","team",2
"game","today",2
"game","win",2
"game","winner",2
"gardin","jone",2
"gas","price",2
"gas","station",2
"gasolin","price",2
"gave","us",2
"general","elect",2
"general","hospit",2
"general","motor",2
"get","absolut",2
"get","anoth",2
"get","around",2
"get","best",2
"get","board",2
"get","bus",2
"get","check",2
"get","citi",2
"get","coupl",2
"get","entir",2
"get","even",2
"get","follow",2
"get","free",2
"get","grant",2
"get","ground",2
"get","high",2
"get","hot",2
"get","job",2
"get","last",2
"get","mad",2
"get","near",2
"get","new",2
"get","notic",2
"get","order",2
"get","report",2
"get","run",2
"get","say",2
"get","school",2
"get","season",2
"get","see",2
"get","sens",2
"get","smart",2
"get","special",2
"get","stronger",2
"get","tire",2
"get","u",2
"get","us",2
"get","without",2
"get","year",2
"geyser","erupt",2
"gg","green",2
"giant","egg",2
"giant","fan",2
"gig","well",2
"girl","ao",2
"girl","ever",2
"girl","said",2
"give","’ll",2
"give","chanc",2
"give","even",2
"give","ever",2
"give","garcia",2
"give","great",2
"give","hope",2
"give","job",2
"give","lemon",2
"give","littl",2
"give","much",2
"give","sens",2
"give","someth",2
"give","time",2
"give","way",2
"glad","like",2
"glanc","student",2
"glavin","coach",2
"gluten","dairi",2
"go","abl",2
"go","ahead",2
"go","big",2
"go","box",2
"go","come",2
"go","didnt",2
"go","far",2
"go","first",2
"go","flow",2
"go","follow",2
"go","forward",2
"go","friend",2
"go","given",2
"go","green",2
"go","hard",2
"go","just",2
"go","let",2
"go","look",2
"go","mani",2
"go","might",2
"go","mini”",2
"go","next",2
"go","outsid",2
"go","school",2
"go","see",2
"go","somewher",2
"go","stori",2
"go","sure",2
"go","take",2
"go","tri",2
"go","unnot",2
"go","want",2
"go","win",2
"goal","work",2
"goe","back",2
"goe","cold",2
"goe","far",2
"goe","mind",2
"goe","well",2
"gonna","get",2
"gonna","go",2
"gonna","need",2
"good","caus",2
"good","come",2
"good","enough",2
"good","faith",2
"good","fortun",2
"good","good",2
"good","got",2
"good","health",2
"good","im",2
"good","know",2
"good","like",2
"good","lord",2
"good","measur",2
"good","musician",2
"good","now",2
"good","peopl",2
"good","player",2
"good","see",2
"good","stuff",2
"good","tast",2
"good","true",2
"got","back",2
"got","car",2
"got","excit",2
"got","hold",2
"got","involv",2
"got","lot",2
"got","photo",2
"got","play",2
"got","see",2
"got","time",2
"got","tire",2
"got","wrong",2
"gotta","pay",2
"gotten","much",2
"govern","debt",2
"govern","never",2
"govern","particular",2
"govern","want",2
"grab","rebound",2
"graceland","rv",2
"graduat","parti",2
"graduat","school",2
"grand","juri",2
"graphic","score",2
"grass","grow",2
"gray","coach",2
"great","articl",2
"great","britain",2
"great","experi",2
"great","first",2
"great","food",2
"great","get",2
"great","go",2
"great","team",2
"great","work",2
"greec","need",2
"greek","yogurt",2
"green","bay",2
"green","patent",2
"grill","chicken",2
"ground","learn",2
"group","friend",2
"group","made",2
"grover","norquist",2
"grown","lot",2
"growth","now",2
"guarante","success",2
"guardian","angel",2
"guess","’s",2
"guess","im",2
"guess","just",2
"guess","that",2
"guilt","trip",2
"guy","find",2
"guy","get",2
"guy","like",2
"guy","make",2
"guy","realli",2
"guy","sit",2
"guy","take",2
"guy","think",2
"guy","work",2
"gypsum","demand",2
"ha","ha",2
"habit","just",2
"haha","dont",2
"haha","that",2
"hair","growth",2
"hair","makeup",2
"half","day",2
"half","heart",2
"half","way",2
"half","work",2
"half","year",2
"hamilton","said",2
"hanalei","bay",2
"hancock","counti",2
"hand","heart",2
"hand","hold",2
"hand","number",2
"hand","wash",2
"hang","around",2
"hang","time",2
"happen","“",2
"happen","lol",2
"happen","next",2
"happen","now",2
"happen","see",2
"happen","us",2
"happi","easter",2
"happi","father",2
"happi","friday",2
"happi","good",2
"happi","hour",2
"happi","make",2
"happi","said",2
"happi","valentin",2
"hard","believ",2
"hard","especi",2
"hard","ever",2
"hard","find",2
"hard","lesson",2
"hard","right",2
"hard","work",2
"hardest","thing",2
"harold","l",2
"hasnt","seen",2
"hate","everyon",2
"hate","peopl",2
"head","back",2
"heal","heart",2
"health","human",2
"hear","hear",2
"hear","someon",2
"heard","say",2
"heart","attack",2
"heart","love",2
"heart","tri",2
"heat","heat",2
"heat","humid",2
"heat","minut",2
"heat","oven",2
"heat","stir",2
"heaven","everlast",2
"helen","keller",2
"hello","new",2
"help","’s",2
"help","don’t",2
"help","find",2
"help","includ",2
"help","keep",2
"help","kid",2
"help","set",2
"help","shape",2
"help","u",2
"hes","go",2
"hey","man",2
"hey","thank",2
"hey","yeh",2
"hhs","mandat",2
"hi","im",2
"high","court",2
"high","dose",2
"high","five",2
"high","heel",2
"high","line",2
"high","price",2
"high","risk",2
"high","speed",2
"high","today",2
"higher","ed",2
"higher","educ",2
"highest","court",2
"hike","plan",2
"hit","everi",2
"hit","full",2
"hit","ground",2
"hit","left",2
"hit","two",2
"hit","unreal”",2
"hitter","park",2
"hm","get",2
"hold","back",2
"hold","onto",2
"holi","week",2
"holiday","inn",2
"home","countri",2
"home","game",2
"home","help",2
"home","know",2
"home","mom",2
"home","night",2
"home","open",2
"home","plate",2
"home","said",2
"home","school",2
"home","start",2
"home","sunday",2
"home","take",2
"home","us",2
"home","work",2
"homeland","secur",2
"homeopath","medicin",2
"honest","didnt",2
"hope","can",2
"hope","dont",2
"hope","dream",2
"hope","enjoy",2
"hope","everyon",2
"hope","everyth",2
"hope","one",2
"hope","project",2
"hope","real",2
"hope","stay",2
"hope","your",2
"horror","movi",2
"hose","fit",2
"hospit","day",2
"hot","dog",2
"hotel","room",2
"hour","im",2
"hour","one",2
"hour","shift",2
"hous","church",2
"hous","get",2
"hous","said",2
"housel","said",2
"howev","can",2
"hudson","counti",2
"huffington","post",2
"huge","fan",2
"huge","mess",2
"hulk","book",2
"human","servic",2
"hundr","thousand",2
"husband","jame",2
"idk","talkin",2
"ignor","call",2
"il","faut",2
"ill","give",2
"ill","never",2
"ill","take",2
"ill","wait",2
"im","best",2
"im","build",2
"im","curious",2
"im","excit",2
"im","feel",2
"im","free",2
"im","get",2
"im","glad",2
"im","happi",2
"im","hungri",2
"im","late",2
"im","one",2
"im","pretti",2
"im","school",2
"im","sit",2
"im","start",2
"im","told",2
"im","watch",2
"implement","plan",2
"import","role",2
"import","thing",2
"impos","full",2
"incom","famili",2
"incom","million",2
"incorpor","item",2
"increas","amount",2
"increas","appar",2
"increas","sale",2
"increas","year",2
"incred","experi",2
"indefinit","articl",2
"independ","review",2
"indian","cultur",2
"individu","communiti",2
"inform","call",2
"initi","indefinit",2
"inkssenti","pen",2
"insid","box",2
"inspir","board",2
"inspir","lot",2
"instanc","can",2
"instead","ask",2
"instead","just",2
"institut","technolog",2
"insur","compani",2
"insur","feder",2
"insurance”","gardin",2
"interest","peopl",2
"interest","see",2
"interest","thing",2
"intern","communiti",2
"intern","monetari",2
"invest","firm",2
"investig","report",2
"investig","say",2
"ip","litig",2
"irish","time",2
"iron","enough",2
"islam","law",2
"isn’t","realli",2
"isnt","alway",2
"isnt","normal",2
"issu","ask",2
"issu","continu",2
"issu","realli",2
"issu","recent",2
"issu","said",2
"issu","specif",2
"item","c",2
"ive","just",2
"ive","manag",2
"ive","tri",2
"ive","use",2
"ive","watch",2
"j","crew",2
"j","lab",2
"jackson","terri",2
"januari","jone",2
"jefferson","citi",2
"jen","naomi",2
"jewish","communiti",2
"jim","renacci",2
"job","chief",2
"job","growth",2
"job","realli",2
"job","well",2
"job","year",2
"john","edward",2
"join","fun",2
"jone","bishop",2
"judg","dent",2
"judg","robert",2
"judg","talk",2
"judgment","judgment",2
"jump","around",2
"june","th",2
"just","anoth",2
"just","ask",2
"just","ate",2
"just","call",2
"just","cant",2
"just","cool",2
"just","doesnt",2
"just","dont",2
"just","enough",2
"just","felt",2
"just","hold",2
"just","hope",2
"just","know",2
"just","littl",2
"just","long",2
"just","lost",2
"just","moment",2
"just","music",2
"just","percent",2
"just","plain",2
"just","publish",2
"just","put",2
"just","ran",2
"just","read",2
"just","recent",2
"just","right",2
"just","seem",2
"just","serv",2
"just","show",2
"just","simpli",2
"just","smart",2
"just","smile",2
"just","someth",2
"just","tell",2
"just","throw",2
"just","ton",2
"just","use",2
"just","watch",2
"just","wit",2
"justic","depart",2
"justin","bieber",2
"justin","siena",2
"kay","brought",2
"keep","call",2
"keep","danc",2
"keep","get",2
"keep","great",2
"keep","like",2
"keep","say",2
"keep","track",2
"keep","updat",2
"keep","watch",2
"keep","well",2
"keep","word",2
"kept","say",2
"kid","didnt",2
"kid","love",2
"kid","play",2
"kid","say",2
"kind","like",2
"knee","injuri",2
"knock","ball",2
"know","’ve",2
"know","…",2
"know","better",2
"know","chapter",2
"know","crazi",2
"know","dude",2
"know","even",2
"know","exact",2
"know","go",2
"know","happen",2
"know","heart",2
"know","just",2
"know","last",2
"know","lot",2
"know","love",2
"know","much",2
"know","noth",2
"know","now",2
"know","number",2
"know","shes",2
"know","thought",2
"know","way",2
"know","well",2
"know","whatev",2
"know","worth",2
"knowledg","spillov",2
"known","simpli",2
"kuhio","highway",2
"kyiv","realli",2
"l","graham",2
"l","vill",2
"la","crema",2
"labor","market",2
"lack","qualiti",2
"lad","go",2
"ladi","gaga",2
"lake","beauti",2
"land","camera",2
"larg","crowd",2
"larg","skillet",2
"last","fall",2
"last","februari",2
"last","five",2
"last","four",2
"last","lifetim",2
"last","realli",2
"last","saturday",2
"last","sever",2
"last","summer",2
"last","three",2
"last","weekend",2
"late","im",2
"late","therefor",2
"later","said",2
"later","year",2
"latest","draft",2
"latter","two",2
"launch","june",2
"law","regard",2
"lay","bed",2
"le","journal",2
"lead","nation",2
"leagu","get",2
"leagu","lead",2
"learn","lot",2
"learn","nativ",2
"learn","self",2
"least","four",2
"least","fun",2
"least","hour",2
"least","member",2
"least","week",2
"lebron","jame",2
"led","author",2
"left","hander",2
"left","home",2
"left","side",2
"left","tackl",2
"legal","status",2
"legislatur","governor",2
"less","hour",2
"less","well",2
"lessen","status",2
"lesson","learn",2
"let","alon",2
"let","guest",2
"let","look",2
"let","start",2
"liberti","bay",2
"lie","today",2
"life","–",2
"life","can",2
"life","difficult",2
"life","event",2
"life","give",2
"life","keep",2
"life","know",2
"life","like",2
"life","look",2
"life","magazin",2
"life","wish",2
"light","blue",2
"light","turn",2
"like","’re",2
"like","aircraft",2
"like","anyon",2
"like","bad",2
"like","best",2
"like","big",2
"like","blog",2
"like","can",2
"like","caus",2
"like","dont",2
"like","elf",2
"like","everyth",2
"like","father",2
"like","girl",2
"like","go",2
"like","good",2
"like","guy",2
"like","heat",2
"like","hous",2
"like","idea",2
"like","kid",2
"like","littl",2
"like","lot",2
"like","mention",2
"like","much",2
"like","need",2
"like","occur",2
"like","put",2
"like","read",2
"like","real",2
"like","said",2
"like","set",2
"like","show",2
"like","sinc",2
"like","tablet",2
"like","there",2
"like","trip",2
"like","use",2
"like","walk",2
"like","want",2
"like","way",2
"like","well",2
"like","work",2
"line","great",2
"line","like",2
"line","thank",2
"link","websit",2
"liquid","deterg",2
"liquor","store",2
"list","just",2
"list","well",2
"littl","better",2
"littl","cushion",2
"littl","fun",2
"littl","know",2
"littl","leagu",2
"littl","noth",2
"littl","old",2
"littl","someth",2
"littl","time",2
"live","across",2
"live","life",2
"live","moment",2
"live","peopl",2
"live","resid",2
"live","right",2
"live","sinc",2
"load","gun",2
"load","laundri",2
"local","govern",2
"local","state",2
"locat","within",2
"lol","dont",2
"lol","happen",2
"lol","just",2
"lol","realli",2
"lol","yea",2
"long","ball",2
"long","jump",2
"long","road",2
"long","sleev",2
"long","way",2
"look","amaz",2
"look","anyth",2
"look","beauti",2
"look","best",2
"look","calm",2
"look","can",2
"look","exampl",2
"look","kind",2
"look","shoulder",2
"look","window",2
"lord","ring",2
"lose","season",2
"lost","averag",2
"lost","mani",2
"lot","comment",2
"lot","fun",2
"lot","lot",2
"lot","peopl",2
"lot","talk",2
"loui","—",2
"loui","counti",2
"loui","vuitton",2
"love","“",2
"love","”",2
"love","also",2
"love","big",2
"love","book",2
"love","first",2
"love","footbal",2
"love","get",2
"love","last",2
"love","life",2
"love","mom",2
"love","never",2
"love","new",2
"love","point",2
"love","song",2
"love","talk",2
"love","u",2
"love","way",2
"love","write",2
"low","key",2
"low","point",2
"lower","middl",2
"lt","harold",2
"lucki","enough",2
"lucki","justin",2
"lucki","winner",2
"lunch","dinner",2
"lymph","node",2
"mac","chees",2
"made","avail",2
"made","basic",2
"made","clear",2
"made","commit",2
"made","cri",2
"made","far",2
"made","give",2
"made","good",2
"made","littl",2
"made","plan",2
"made","sever",2
"made","sound",2
"made","thin",2
"made","walk",2
"main","thing",2
"maintain","public",2
"major","book",2
"major","communiti",2
"major","leagu",2
"major","market",2
"make","best",2
"make","big",2
"make","break",2
"make","call",2
"make","citi",2
"make","dream",2
"make","easier",2
"make","even",2
"make","free",2
"make","fun",2
"make","great",2
"make","laugh",2
"make","mine",2
"make","plan",2
"make","play",2
"make","promis",2
"make","question",2
"make","red",2
"make","sacrific",2
"make","strong",2
"make","think",2
"make","top",2
"make","use",2
"make","video",2
"make","walk",2
"male","femal",2
"mama","joke",2
"man","love",2
"man","thank",2
"manag","call",2
"manag","mike",2
"manag","system",2
"manag","want",2
"mani","afternoon",2
"mani","american",2
"mani","day",2
"mani","employe",2
"mani","great",2
"mani","us",2
"mani","year",2
"mariano","rivera",2
"marin","serv",2
"market","share",2
"martin","neighborhood",2
"martini","glass",2
"marvel","charact",2
"match","last",2
"matt","eyeshadow",2
"matt","holliday",2
"matter","—",2
"matter","fact",2
"matter","good",2
"matter","leav",2
"may","best",2
"may","flower",2
"may","may",2
"may","need",2
"may","read",2
"may","see",2
"mayb","get",2
"mayb","peopl",2
"mayb","tomorrow",2
"mayb","weve",2
"mcmillan","said",2
"mean","can",2
"mean","dont",2
"mean","right",2
"mean","shes",2
"mean","sport",2
"mean","take",2
"mean","thing",2
"mean","time",2
"mean","us",2
"meant","say",2
"medic","examin",2
"medic","marijuana",2
"melt","ad",2
"member","vote",2
"memphi","graceland",2
"men","may",2
"men","theme",2
"men","women",2
"mental","ill",2
"mention","previous",2
"michael","bloomberg",2
"michael","frayn",2
"middl","school",2
"midnight","thursday",2
"midwest","region",2
"might","actual",2
"might","need",2
"might","seem",2
"might","tell",2
"might","think",2
"might","time",2
"might","well",2
"mile","away",2
"million","american",2
"million","foundat",2
"million","peopl",2
"million","ton",2
"million","view",2
"mind","someon",2
"mind","thing",2
"mini","seri",2
"mini”","nope",2
"minut","later",2
"minut","remov",2
"minut","second",2
"minut","stir",2
"miss","chanc",2
"miss","everyth",2
"miss","judi",2
"miss","one",2
"miss","time",2
"miss","two",2
"mission","statement",2
"mix","green",2
"mix","togeth",2
"mobil","phone",2
"monday","morn",2
"monday","wednesday",2
"monetari","fund",2
"money","go",2
"month","away",2
"month","follow",2
"month","may",2
"month","old",2
"month","practic",2
"month","week",2
"month","year",2
"moreno","said",2
"mormon","church",2
"morn","cancel",2
"morn","cant",2
"mortgag","averag",2
"mother","father",2
"mother","law",2
"mother","three",2
"motor","skill",2
"motor","vehicl",2
"move","come",2
"move","made",2
"movi","still",2
"movi","televis",2
"mr","h",2
"mr","hurd",2
"mr","wilder",2
"much","can",2
"much","closer",2
"much","credit",2
"much","effort",2
"much","great",2
"much","possibl",2
"much","rather",2
"much","say",2
"much","troubl",2
"much","want",2
"much","younger",2
"mulenex","fenton",2
"multi","medium",2
"multi","task",2
"mummi","daddi",2
"muscl","car",2
"music","danc",2
"music","ear",2
"muslim","communiti",2
"must","creat",2
"must","follow",2
"mutat","select",2
"n","im",2
"nail","polish",2
"name","jack",2
"name","now",2
"name","public",2
"naomi","jen",2
"nation","footbal",2
"nation","local",2
"nation","secur",2
"nation","televis",2
"nation","three",2
"nativ","plant",2
"natur","gas",2
"natur","resourc",2
"nba","team",2
"near","futur",2
"near","percent",2
"near","silent",2
"near","year",2
"need","accept",2
"need","access",2
"need","bento",2
"need","buy",2
"need","focus",2
"need","go",2
"need","good",2
"need","great",2
"need","learn",2
"need","lose",2
"need","love",2
"need","prove",2
"need","shot",2
"need","support",2
"need","take",2
"need","tell",2
"neutral","pronat",2
"never","forget",2
"never","get",2
"never","give",2
"never","know",2
"never","met",2
"never","quit",2
"never","said",2
"never","stop",2
"never","take",2
"new","addit",2
"new","collect",2
"new","day",2
"new","delhi",2
"new","develop",2
"new","england",2
"new","idea",2
"new","kind",2
"new","lawyer",2
"new","level",2
"new","market",2
"new","record",2
"new","rule",2
"new","set",2
"new","social",2
"new","system",2
"new","way",2
"new","websit",2
"new","week",2
"new","world",2
"new","yorker",2
"news","lot",2
"news","releas",2
"news","report",2
"newt","gingrich",2
"next","door",2
"next","four",2
"next","hour",2
"next","line",2
"next","meet",2
"next","morn",2
"next","project",2
"next","two",2
"nfl","team",2
"nichola","cage",2
"nick","furi",2
"night","drink",2
"night","guy",2
"night","just",2
"night","run",2
"nine","month",2
"nintendo","ds",2
"nomin","presid",2
"non","believ",2
"non","profit",2
"nonconfer","game",2
"nope","time",2
"north","america",2
"north","west",2
"note","last",2
"noth","except",2
"noth","wrong",2
"notic","leav",2
"novemb","decemb",2
"novemb","elect",2
"now","’m",2
"now","’ve",2
"now","cover",2
"now","dont",2
"now","govern",2
"now","let",2
"now","live",2
"now","mom",2
"now","nice",2
"now","old",2
"now","play",2
"now","read",2
"now","right",2
"now","see",2
"now","seem",2
"now","serv",2
"now","think",2
"now","top",2
"now","use",2
"now","want",2
"now","work",2
"now","year",2
"nuevo","león",2
"number","chosen",2
"number","three",2
"oath","offic",2
"offer","much",2
"offer","strong",2
"offer","take",2
"offic","call",2
"offic","one",2
"offic","peter",2
"offic","presid",2
"offic","said",2
"offic","st",2
"offici","member",2
"offici","visit",2
"often","get",2
"often","lead",2
"often","want",2
"oh","that",2
"oh","wait",2
"ohio","—",2
"oil","add",2
"oil","barrel",2
"oil","brush",2
"oil","can",2
"ok","make",2
"ok","ok",2
"oklahoma","state",2
"old","high",2
"old","ladi",2
"old","mother",2
"old","new",2
"old","one",2
"one","another’",2
"one","direct",2
"one","eight",2
"one","event",2
"one","ever",2
"one","everi",2
"one","expect",2
"one","first",2
"one","food",2
"one","friend",2
"one","game",2
"one","get",2
"one","give",2
"one","go",2
"one","great",2
"one","greatest",2
"one","guy",2
"one","half",2
"one","im",2
"one","interest",2
"one","kind",2
"one","know",2
"one","last",2
"one","let",2
"one","might",2
"one","name",2
"one","new",2
"one","night",2
"one","open",2
"one","option",2
"one","paint",2
"one","percent",2
"one","point",2
"one","read",2
"one","see",2
"one","someth",2
"one","stretch",2
"one","team",2
"one","third",2
"one","top",2
"one","us",2
"one","way",2
"one","week",2
"one","without",2
"one","woman",2
"one","world",2
"ooh","ahh",2
"open","discuss",2
"open","hous",2
"open","like",2
"open","night",2
"open","studio",2
"opera","hous",2
"opportun","build",2
"opportun","find",2
"order","say",2
"oregon","defens",2
"orr","said",2
"oswego","citi",2
"oswego","high",2
"other","just",2
"other","think",2
"outfit","can",2
"outsid","box",2
"outsid","thank",2
"overpron","foot",2
"own","schulz",2
"pacif","northwest",2
"page","one",2
"paint","colleg",2
"pale","ale",2
"palo","alto",2
"pan","medium",2
"paper","shelter",2
"paratransit","ticket",2
"parent","right",2
"parent","told",2
"park","campground",2
"park","one",2
"part","great",2
"part","life",2
"part","time",2
"parti","around",2
"particular","use",2
"partner","william",2
"pas","de",2
"pass","away",2
"past","decad",2
"past","life",2
"past","month",2
"past","season",2
"past","two",2
"past","year",2
"patrick","day",2
"patron","saint",2
"pave","way",2
"pay","back",2
"pay","debt",2
"pay","fine",2
"payment","properti",2
"pen","color",2
"penn","state",2
"peopl","also",2
"peopl","alway",2
"peopl","ask",2
"peopl","attend",2
"peopl","behind",2
"peopl","brought",2
"peopl","close",2
"peopl","die",2
"peopl","even",2
"peopl","live",2
"peopl","love",2
"peopl","might",2
"peopl","much",2
"peopl","must",2
"peopl","need",2
"peopl","now",2
"peopl","see",2
"peopl","start",2
"peopl","still",2
"peopl","world",2
"per","barrel",2
"per","diem",2
"per","person",2
"per","ticket",2
"percent","rick",2
"percent","vote",2
"percent","year",2
"perfect","fit",2
"perfect","place",2
"perform","school",2
"perform","song",2
"perform","venu",2
"perhap","ill",2
"perhap","surpris",2
"permit","say",2
"persist","effort",2
"person","’ll",2
"person","happi",2
"person","least",2
"person","live",2
"person","record",2
"pertwe","stori",2
"phone","fix",2
"photo","one",2
"physic","emot",2
"pick","new",2
"pictur","taken",2
"piec","—",2
"pinch","hit",2
"pinch","hitter",2
"pinpoint","accuraci",2
"pitch","two",2
"pizza","dough",2
"pizzeria","wine",2
"place","get",2
"place","look",2
"place","pm",2
"place","said",2
"place","singl",2
"plan","allow",2
"plan","buy",2
"plan","just",2
"plan","take",2
"plan","time",2
"plan","tri",2
"plan","trip",2
"plan","use",2
"plan","visit",2
"plan","wed",2
"plan","work",2
"plant","garden",2
"plant","sale",2
"play","big",2
"play","dont",2
"play","field",2
"play","final",2
"play","first",2
"play","go",2
"play","littl",2
"play","time",2
"play","tonight",2
"play","us",2
"player","field",2
"player","like",2
"pleas","don’t",2
"pleas","let",2
"pleas","tell",2
"pleas","visit",2
"pleasur","pain",2
"plz","follow",2
"pm","friday",2
"pm","go",2
"pm","new",2
"pm","pm",2
"pm","saturday",2
"pm","sunday",2
"pm","thursday",2
"point","content",2
"point","describ",2
"point","get",2
"point","go",2
"point","life",2
"point","miss",2
"point","per",2
"point","view",2
"point","year",2
"poison","ivi",2
"polaroid","land",2
"polic","chief",2
"polic","depart",2
"polici","among",2
"polici","make",2
"polit","debat",2
"polit","parti",2
"poll","show",2
"pond","biscuit",2
"pond","cro",2
"pond","flag",2
"pond","pond",2
"pond","today",2
"ponds”","pond",2
"poor","thing",2
"pop","shop",2
"pop","star",2
"possibl","year",2
"post","ive",2
"post","new",2
"power","great",2
"power","play",2
"power","rank",2
"practic","everi",2
"practic","time",2
"prairi","fairi",2
"pray","take",2
"pray","us",2
"pre","heat",2
"precious","sister",2
"prefectur","two",2
"pregnanc","test",2
"premier","leagu",2
"prepar","go",2
"present","writer",2
"presid","barack",2
"presid","say",2
"presid","unit",2
"pretti","amaz",2
"primari","reason",2
"primari","resid",2
"princ","wale",2
"princ","william",2
"print","size",2
"prison","one",2
"privat","caus",2
"privat","land",2
"privat","school",2
"prize","gift",2
"prize","winner",2
"probabl","better",2
"probabl","make",2
"probabl","right",2
"problem","time",2
"problem","want",2
"proceed","start",2
"procter","gambl",2
"product","area",2
"product","compani",2
"product","doubt",2
"product","love",2
"product","start",2
"product","work",2
"professor","miura",2
"program","call",2
"program","now",2
"program","top",2
"prohibit","product",2
"project","alreadi",2
"project","build",2
"project","just",2
"project","make",2
"project","manag",2
"project","one’",2
"project","wait",2
"project","work",2
"pronounc","dead",2
"proof","util",2
"properti","assess",2
"propos","best",2
"propos","independ",2
"prosecutor","offic",2
"protect","enemi",2
"prove","best",2
"prove","point",2
"prove","resid",2
"provid","chanc",2
"provid","electr",2
"provid","proof",2
"provid","use",2
"provid","work",2
"psycholog","sound",2
"public","defend",2
"public","health",2
"public","inform",2
"public","librari",2
"public","support",2
"public","year",2
"publish","book",2
"purpos","effect",2
"purpos","make",2
"push","back",2
"push","button",2
"push","issu",2
"put","away",2
"put","end",2
"put","function",2
"put","one",2
"qb","coach",2
"qualiti","’s",2
"question","aris",2
"question","know",2
"question","well",2
"question","what",2
"quick","chang",2
"quick","poll",2
"quick","work",2
"quit","daunt",2
"quit","opposit",2
"quit","right",2
"quit","tonight",2
"quit","well",2
"quot","day",2
"r","talk",2
"race","may",2
"racial","oppress",2
"racial","privileg",2
"radio","host",2
"radio","station",2
"railway","station",2
"rais","children",2
"rais","fund",2
"rais","issu",2
"rate","mortgag",2
"rather","see",2
"re","arrang",2
"reach","give",2
"read","blog",2
"read","correct",2
"read","e",2
"read","like",2
"read","lot",2
"read","realli",2
"read","said",2
"reader","look",2
"readi","ball",2
"readi","go",2
"real","good",2
"real","issu",2
"realiz","much",2
"realli","anyth",2
"realli","appreci",2
"realli","bad",2
"realli","care",2
"realli","concern",2
"realli","creat",2
"realli","great",2
"realli","hard",2
"realli","long",2
"realli","look",2
"realli","move",2
"realli","realli",2
"realli","sore",2
"realli","tast",2
"realli","work",2
"reason","”",2
"reason","like",2
"reason","price",2
"reason","suspicion",2
"rebound","per",2
"recent","month",2
"recent","post",2
"recent","spring",2
"recent","survey",2
"recip","call",2
"recip","make",2
"record","includ",2
"record","year",2
"red","bull",2
"red","hill",2
"red","lentil",2
"red","pepper",2
"reduc","price",2
"refer","claim",2
"regular","basi",2
"relat","alleg",2
"relationship","like",2
"releas","inform",2
"releas","record",2
"religi","freedom",2
"remain","game",2
"remain","one",2
"remain","origin",2
"rememb","time",2
"rememb","train",2
"remind","us",2
"remov","heat",2
"remov","oven",2
"repeat","statement",2
"report","card",2
"report","damag",2
"report","hear",2
"report","state",2
"report","today",2
"republican","congress",2
"republican","gov",2
"republican","parti",2
"republican","run",2
"requir","new",2
"requir","percent",2
"resid","need",2
"resid","primari",2
"respect","cultur",2
"respond","well",2
"rest","outfit",2
"rest","week",2
"rest","world",2
"restaur","one",2
"return","first",2
"return","time",2
"review","review",2
"review","song",2
"rich","beauti",2
"richard","branson",2
"richard","said",2
"right","answer",2
"right","behind",2
"right","free",2
"right","front",2
"right","hander",2
"right","hit",2
"right","privaci",2
"right","question",2
"right","side",2
"right","spot",2
"right","there",2
"right","time",2
"right","top",2
"rise","time",2
"road","game",2
"road","map",2
"road","park",2
"rock","format",2
"roll","boil",2
"roller","coaster",2
"room","rather",2
"root","around",2
"rosso","pizzeria",2
"rough","estim",2
"round","game",2
"round","trip",2
"row","behind",2
"rowan","univers",2
"rt","“",2
"rt","im",2
"rt","today",2
"run","away",2
"run","best",2
"run","even",2
"run","foot",2
"run","la",2
"run","late",2
"run","money",2
"run","power",2
"run","presid",2
"run","rbi",2
"run","report",2
"run","score",2
"run","shoe",2
"run","tie",2
"runner","second",2
"s","peopl",2
"s","urban",2
"sad","day",2
"sad","news",2
"sad","see",2
"saga","andi",2
"said","’ll",2
"said","“’ve",2
"said","”",2
"said","arriv",2
"said","believ",2
"said","better",2
"said","board",2
"said","charli",2
"said","concern",2
"said","couldnt",2
"said","day",2
"said","democrat",2
"said","disappoint",2
"said","dr",2
"said","e",2
"said","enough",2
"said","everi",2
"said","expect",2
"said","fabric",2
"said","feel",2
"said","find",2
"said","game",2
"said","get",2
"said","goal",2
"said","hes",2
"said","howev",2
"said","id",2
"said","investig",2
"said","know",2
"said","last",2
"said","leagu",2
"said","note",2
"said","noth",2
"said","peopl",2
"said","play",2
"said","said",2
"said","shot",2
"said","stab",2
"said","state",2
"said","statement",2
"said","still",2
"said","thought",2
"said","walk",2
"said","week",2
"said","whether",2
"said","year",2
"said","yesterday",2
"salari","cap",2
"sale","tax",2
"santa","rosa",2
"satin","ribbon",2
"satur","fat",2
"saturday","dec",2
"saturday","octob",2
"saturday","spent",2
"save","us",2
"saw","bear",2
"saw","last",2
"saw","peni",2
"say","’re",2
"say","allow",2
"say","anyth",2
"say","cook",2
"say","don’t",2
"say","dont",2
"say","go",2
"say","goodby",2
"say","hi",2
"say","im",2
"say","later",2
"say","least",2
"say","much",2
"say","need",2
"say","never",2
"say","noth",2
"say","public",2
"say","spokesman",2
"say","thank",2
"say","time",2
"say","use",2
"say","want",2
"scandal","scar",2
"scatter","across",2
"scholarship","attend",2
"school","board",2
"school","bus",2
"school","case",2
"school","ferguson",2
"school","last",2
"school","rather",2
"school","teacher",2
"school","visit",2
"sci","fi",2
"scooter","rental",2
"score","doubl",2
"score","th",2
"script","volum",2
"season","one",2
"season","share",2
"seattl","time",2
"second","hand",2
"second","left",2
"second","pitch",2
"second","time",2
"secretari","state",2
"secur","guard",2
"secur","system",2
"see","also",2
"see","chang",2
"see","daili",2
"see","didn’t",2
"see","enjoy",2
"see","feel",2
"see","go",2
"see","guy",2
"see","happen",2
"see","home",2
"see","hope",2
"see","im",2
"see","mani",2
"see","mother",2
"see","part",2
"see","photo",2
"see","previous",2
"see","progress",2
"see","rich",2
"see","safe",2
"see","thing",2
"see","walk",2
"seed","oil",2
"seek","fund",2
"seem","abl",2
"seem","inspir",2
"seem","just",2
"seem","much",2
"seem","new",2
"seen","one",2
"self","confid",2
"self","control",2
"self","discoveri",2
"self","esteem",2
"self","express",2
"self","titl",2
"sell","back",2
"sell","book",2
"senat","bill",2
"senat","committe",2
"senat","investig",2
"senat","told",2
"send","direct",2
"send","resum",2
"senior","vice",2
"sens","belong",2
"sens","humor",2
"sens","signific",2
"separ","state",2
"serious","consid",2
"serious","just",2
"serious","problem",2
"serv","state",2
"serv","two",2
"servic","llc",2
"servic","patient",2
"servic","remov",2
"servic","secretari",2
"sesam","street",2
"session","vote",2
"set","just",2
"set","love",2
"set","plan",2
"set","show",2
"set","use",2
"seven","minut",2
"seven","time",2
"seventh","inning",2
"sever","area",2
"sever","democrat",2
"sever","hall",2
"shed","man",2
"sheriff","deputi",2
"sherlock","holm",2
"shes","work",2
"shop","thrift",2
"short","arriv",2
"short","pm",2
"short","term",2
"shot","look",2
"shot","new",2
"shot","two",2
"show","“",2
"show","also",2
"show","avail",2
"show","chang",2
"show","debut",2
"show","door",2
"show","got",2
"show","need",2
"show","new",2
"show","readi",2
"show","san",2
"show","today",2
"show","tonight",2
"shower","can",2
"shut","engin",2
"sick","day",2
"sick","leav",2
"side","coin",2
"side","effect",2
"side","end",2
"side","street",2
"sierra","club",2
"sign","dalla",2
"sign","law",2
"silken","tofu",2
"silver","foil",2
"simon","cowel",2
"simpl","dinner",2
"simpl","thing",2
"sinc","’s",2
"sinc","can",2
"sinc","day",2
"sinc","death",2
"sinc","fail",2
"sinc","just",2
"sinc","last",2
"sinc","saturday",2
"sinc","still",2
"sinc","studi",2
"sing","song",2
"sing","time",2
"singl","day",2
"singl","right",2
"sit","back",2
"sit","bar",2
"sit","hotel",2
"sit","room",2
"site","googl",2
"six","hour",2
"six","month",2
"size","fit",2
"skinni","jean",2
"sleep","work",2
"sleepless","night",2
"slice","raw",2
"slot","machin",2
"small","breweri",2
"small","companion",2
"sneak","around",2
"soak","rise",2
"social","insurance”",2
"social","secur",2
"social","studi",2
"social","worker",2
"sock","share",2
"softwar","compani",2
"someday","take",2
"someon","actual",2
"someon","ask",2
"someon","can",2
"someon","know",2
"someon","read",2
"someth","activ",2
"someth","better",2
"someth","get",2
"someth","happen",2
"someth","new",2
"someth","next",2
"someth","special",2
"someth","still",2
"someth","worth",2
"someth","wrong",2
"sometim","almost",2
"sometim","feel",2
"sometim","just",2
"sometim","need",2
"somewher","just",2
"song","’s",2
"song","make",2
"soon","much",2
"soon","possibl",2
"sorri","havent",2
"sound","bite",2
"sound","good",2
"sound","great",2
"soup","kitchen",2
"soup","use",2
"sour","cream",2
"sourc","said",2
"south","africa",2
"south","america",2
"south","carolina",2
"south","central",2
"speak","condit",2
"speak","truth",2
"special","place",2
"special","school",2
"specialti","cocktail",2
"spend","day",2
"spend","hour",2
"spend","weekend",2
"spent","mani",2
"spent","much",2
"spent","time",2
"spent","year",2
"spicebush","berri",2
"spirit","fill",2
"spirit","spirit",2
"spirit","work",2
"spoken","word",2
"spokesman","said",2
"sport","fan",2
"spray","paint",2
"spread","payment",2
"squar","feet",2
"st","andrew’",2
"st","clare",2
"st","paul",2
"staff","–",2
"stage","play",2
"standard","poor",2
"star","that",2
"star","war",2
"start","call",2
"start","day",2
"start","earli",2
"start","end",2
"start","feel",2
"start","finish",2
"start","get",2
"start","hear",2
"start","next",2
"start","play",2
"start","read",2
"start","sell",2
"start","teach",2
"start","turn",2
"start","work",2
"start","yell",2
"state","attorney",2
"state","budget",2
"state","depart",2
"state","econom",2
"state","energi",2
"state","enlighten",2
"state","govern",2
"state","law",2
"state","line",2
"state","mind",2
"state","one",2
"state","polic",2
"state","said",2
"statement","can",2
"statement","made",2
"statement","said",2
"statement","say",2
"status","quo",2
"statut","limit",2
"stay","like",2
"step","asid",2
"step","peopl",2
"stereotyp","can",2
"stick","one",2
"still","believ",2
"still","cost",2
"still","feel",2
"still","finish",2
"still","get",2
"still","like",2
"still","make",2
"still","manag",2
"still","reel",2
"still","rememb",2
"still","school",2
"still","second",2
"still","tri",2
"still","work",2
"stock","exxonmobil",2
"stop","bar",2
"stop","find",2
"stop","meet",2
"stop","pick",2
"stop","talk",2
"stop","time",2
"storag","room",2
"store","improv",2
"store","owner",2
"stori","like",2
"stori","line",2
"stori","wind",2
"storm","come",2
"stranger","can",2
"strong","case",2
"strong","faith",2
"strong","perform",2
"stuck","straw",2
"studi","teacher",2
"studio","say",2
"stuff","dont",2
"stuff","help",2
"style","dress",2
"sugar","crisp",2
"suggest","otherwis",2
"suicid","barrier",2
"suicid","rate",2
"sun","report",2
"sunday","first",2
"sunday","keep",2
"support","communiti",2
"support","like",2
"support","need",2
"suppos","help",2
"suppos","take",2
"sure","real",2
"sure","time",2
"sure","write",2
"surfac","eye",2
"surpris","first",2
"surround","peopl",2
"swanson","said",2
"sweet","woodruff",2
"switch","channel",2
"switch","pledg",2
"system","devis",2
"system","made",2
"system","requir",2
"tackl","climat",2
"take","anyth",2
"take","back",2
"take","challeng",2
"take","differ",2
"take","dog",2
"take","hold",2
"take","long",2
"take","minut",2
"take","photo",2
"take","right",2
"take","see",2
"take","sever",2
"take","walk",2
"take","whole",2
"take","year",2
"taken","hospit",2
"taken","well",2
"talk","point",2
"talk","talk",2
"tank","top",2
"tannehil","probabl",2
"tast","good",2
"tast","like",2
"tast","pretti",2
"tast","room",2
"tax","bill",2
"tax","credit",2
"tax","levi",2
"tax","return",2
"taxi","driver",2
"tea","parti",2
"tea","room",2
"teach","peopl",2
"teacher","said",2
"team","just",2
"team","last",2
"team","member",2
"team","score",2
"team","team",2
"technolog","chang",2
"teenag","girl",2
"televis","histori",2
"televis","seri",2
"televis","show",2
"tell","even",2
"tell","love",2
"tell","miss",2
"tell","well",2
"tell","ya",2
"temperatur","reach",2
"terrorist","threat",2
"test","use",2
"test…","call",2
"text","back",2
"th","anniversari",2
"th","annual",2
"th","avenu",2
"th","centuri",2
"th","congression",2
"th","decemb",2
"th","marin",2
"th","pm",2
"th","sinc",2
"th","st",2
"th","th",2
"thank","dude",2
"thank","excit",2
"thank","ff",2
"thank","good",2
"thank","host",2
"thank","just",2
"thank","let",2
"thank","make",2
"thank","mention",2
"thank","time",2
"thank","want",2
"thanksgiv","week",2
"that","boy",2
"that","fine",2
"that","killer",2
"that","near",2
"that","realli",2
"there","also",2
"there","just",2
"there","mani",2
"there","noth",2
"there","still",2
"theyr","also",2
"theyr","go",2
"theyr","perfect",2
"thin","slice",2
"thing","back",2
"thing","book",2
"thing","come",2
"thing","done",2
"thing","dont",2
"thing","eod",2
"thing","ever",2
"thing","find",2
"thing","havent",2
"thing","look",2
"thing","made",2
"thing","make",2
"thing","matter",2
"thing","morn",2
"thing","one",2
"thing","start",2
"thing","thought",2
"thing","two",2
"thing","want",2
"thing","weve",2
"thing","world",2
"think","brown",2
"think","call",2
"think","day",2
"think","dont",2
"think","due",2
"think","first",2
"think","follow",2
"think","good",2
"think","may",2
"think","much",2
"think","need",2
"think","origin",2
"think","part",2
"think","person",2
"think","play",2
"think","seven",2
"think","sever",2
"think","state",2
"think","time",2
"think","well",2
"think","weve",2
"think","youll",2
"third","attempt",2
"third","baseman",2
"third","period",2
"third","quarter",2
"thirti","second",2
"though","haha",2
"though","just",2
"though","like",2
"thought","good",2
"thought","guy",2
"thought","lost",2
"thought","make",2
"thought","realli",2
"three","counti",2
"three","differ",2
"three","episod",2
"three","game",2
"three","guy",2
"three","quarter",2
"three","run",2
"thursday","friday",2
"thus","far",2
"ticket","sale",2
"ticket","usual",2
"tie","run",2
"time","“",2
"time","alon",2
"time","ask",2
"time","blog",2
"time","brain",2
"time","call",2
"time","celebr",2
"time","clean",2
"time","consid",2
"time","continu",2
"time","cut",2
"time","depend",2
"time","discuss",2
"time","favorit",2
"time","good",2
"time","half",2
"time","help",2
"time","just",2
"time","last",2
"time","learn",2
"time","left",2
"time","less",2
"time","life",2
"time","lol",2
"time","make",2
"time","mani",2
"time","place",2
"time","point",2
"time","prepar",2
"time","problem",2
"time","project",2
"time","rais",2
"time","read",2
"time","right",2
"time","said",2
"time","saw",2
"time","sinc",2
"time","spend",2
"time","tell",2
"time","time",2
"time","today",2
"time","togeth",2
"time","travel",2
"time","two",2
"time","wait",2
"time","week",2
"time","well",2
"time","world",2
"time","yard",2
"tire","”",2
"tire","cranki",2
"toad","stuhl",2
"today","agnost",2
"today","day",2
"today","friday",2
"today","just",2
"today","mani",2
"today","realiz",2
"today","start",2
"today","still",2
"today","surpris",2
"togeth","creat",2
"togeth","pleas",2
"told","come",2
"told","go",2
"told","live",2
"told","report",2
"told","us",2
"tomorrow","night",2
"tomorrow","pm",2
"tomorrow","son",2
"toni","blair",2
"tonight","abl",2
"tonight","club",2
"tonight","game",2
"tonight","thank",2
"took","advantag",2
"took","minut",2
"took","part",2
"took","place",2
"took","similar",2
"top","job",2
"top","lung",2
"top","spot",2
"top","three",2
"total","point",2
"tough","loss",2
"tough","question",2
"tough","sell",2
"tour","guid",2
"tour","stop",2
"toward","end",2
"toward","goal",2
"town","wide",2
"township","polic",2
"toxic","chemic",2
"tracklist","releas",2
"trade","commiss",2
"trail","goe",2
"travel","agent",2
"travel","infecti",2
"trayvon","martin",2
"treasuri","index",2
"treat","us",2
"treat","whole",2
"tree","grass",2
"tree","point",2
"tree","year",2
"tri","build",2
"tri","defend",2
"tri","drink",2
"tri","forc",2
"tri","hard",2
"tri","help",2
"tri","keep",2
"tri","move",2
"tri","new",2
"tri","now",2
"tri","play",2
"tri","prevent",2
"tri","run",2
"trip","help",2
"trip","joy",2
"trip","report",2
"troubl","make",2
"true","mean",2
"tuesday","afternoon",2
"tuesday","agre",2
"turn","away",2
"turn","back",2
"turn","right",2
"turn","upon",2
"tv","ad",2
"tweet","back",2
"twenti","eight",2
"twice","week",2
"two","bear",2
"two","candid",2
"two","children",2
"two","dog",2
"two","half",2
"two","home",2
"two","hour",2
"two","singl",2
"two","store",2
"two","time",2
"two","voic",2
"u","find",2
"u","just",2
"u","know",2
"ultim","end",2
"unabl","get",2
"unbeliev","bit",2
"under","problem",2
"undergradu","degre",2
"underpron","foot",2
"understand","economi",2
"undocu","immigr",2
"unit","kingdom",2
"univers","big",2
"univers","colleg",2
"univers","hospit",2
"univers","michigan",2
"unreal”","absolut",2
"unus","sick",2
"unusu","detail",2
"us","air",2
"us","can",2
"us","center",2
"us","depart",2
"us","draw",2
"us","economi",2
"us","histori",2
"us","holi",2
"us","im",2
"us","like",2
"us","live",2
"us","made",2
"us","marshal",2
"us","near",2
"us","now",2
"us","peopl",2
"us","team",2
"us","time",2
"us","tuesday",2
"us","week",2
"us","wouldv",2
"us","wrong",2
"use","copic",2
"use","cover",2
"use","euro",2
"use","finger",2
"use","forc",2
"use","go",2
"use","gorgeous",2
"use","littl",2
"use","minor",2
"use","now",2
"use","one",2
"use","real",2
"use","regular",2
"use","season",2
"use","silken",2
"use","standard",2
"use","time",2
"use","tissu",2
"use","whole",2
"usual","cost",2
"usual","spent",2
"usual","take",2
"util","bill",2
"util","room",2
"utmost","see",2
"vacat","day",2
"valentin","day",2
"vest","interest",2
"video","youtub",2
"villag","s",2
"vision","mission",2
"visit","blog",2
"visit","doctor",2
"volunt","help",2
"vote","overrid",2
"vote","repeal",2
"w","famili",2
"wait","anoth",2
"wait","day",2
"wait","final",2
"wait","get",2
"wait","list",2
"wait","live",2
"wait","realli",2
"wait","tri",2
"wake","morn",2
"wale","feather",2
"walk","away",2
"walk","distanc",2
"walk","front",2
"walk","hard",2
"walk","past",2
"walk","road",2
"walk","street",2
"walk","way",2
"walt","disney",2
"wander","round",2
"wanna","chill",2
"wanna","talk",2
"want","art",2
"want","ball",2
"want","better",2
"want","busi",2
"want","end",2
"want","feel",2
"want","know",2
"want","learn",2
"want","leav",2
"want","live",2
"want","look",2
"want","love",2
"want","now",2
"want","open",2
"want","peopl",2
"want","read",2
"want","realli",2
"want","share",2
"want","someon",2
"want","start",2
"want","thing",2
"want","uniti",2
"want","win",2
"want","wow",2
"war","room",2
"wash","feet",2
"wash","hand",2
"wash","powder",2
"washington","wizard",2
"wasnt","exact",2
"wasnt","go",2
"watch","movi",2
"watch","tom",2
"watch","us",2
"watch","volunt",2
"water","mix",2
"wave","hi",2
"way","anoth",2
"way","around",2
"way","beer",2
"way","deep",2
"way","eat",2
"way","even",2
"way","everyon",2
"way","felt",2
"way","get",2
"way","good",2
"way","high",2
"way","know",2
"way","like",2
"way","made",2
"way","mani",2
"way","much",2
"way","show",2
"way","way",2
"wear","j",2
"weather","servic",2
"wed","anniversari",2
"wed","oct",2
"wed","stori",2
"wednesday","midnight",2
"wednesday","morn",2
"wednesday","week",2
"week","’s",2
"week","“",2
"week","christi",2
"week","great",2
"week","ill",2
"week","includ",2
"week","last",2
"week","launch",2
"week","much",2
"week","now",2
"week","peopl",2
"week","take",2
"week","thing",2
"week","time",2
"week","two",2
"week","us",2
"weekend","im",2
"wehlen","sonnenuhr",2
"weird","thing",2
"well","’s",2
"well","despit",2
"well","everi",2
"well","good",2
"well","just",2
"well","project",2
"well","said",2
"well","that",2
"well","worth",2
"went","back",2
"went","church",2
"went","good",2
"went","lot",2
"went","right",2
"went","work",2
"west","deptford",2
"west","side",2
"western","confer",2
"weve","ask",2
"weve","gotten",2
"what","best",2
"what","everyon",2
"what","favorit",2
"what","serv",2
"what","wrong",2
"whenev","write",2
"wherev","go",2
"whine","now",2
"whip","cream",2
"whipper","snapper",2
"white","person",2
"whole","famili",2
"whole","process",2
"whole","time",2
"whole","way",2
"whole","world",2
"wide","open",2
"wide","yard",2
"wild","mushroom",2
"will","acknowledg",2
"will","work",2
"win","love",2
"win","streak",2
"wind","mph",2
"wing","us",2
"wipe","use",2
"wish","best",2
"wish","happi",2
"wish","hope",2
"within","bodi",2
"within","day",2
"within","month",2
"within","walk",2
"within","week",2
"without","feel",2
"without","know",2
"without","use",2
"without","walgreen",2
"woke","morn",2
"woman","child",2
"won","bat",2
"won","one",2
"wonder","just",2
"wonder","mani",2
"wonder","salad",2
"wont","abl",2
"wont","feel",2
"wont","get",2
"wont","give",2
"wont","see",2
"wood","burn",2
"word","choic",2
"word","friend",2
"word","said",2
"work","along",2
"work","book",2
"work","didnt",2
"work","ethic",2
"work","even",2
"work","go",2
"work","great",2
"work","harder",2
"work","includ",2
"work","just",2
"work","late",2
"work","live",2
"work","longer",2
"work","progress",2
"work","project",2
"work","sinc",2
"work","tackl",2
"work","today",2
"work","us",2
"worker","come",2
"worker","found",2
"world","around",2
"world","championship",2
"world","come",2
"world","cup",2
"world","famous",2
"world","largest",2
"worri","just",2
"worri","thing",2
"worst","feel",2
"worst","human",2
"worst","kind",2
"worth","note",2
"worth","share",2
"worth","trip",2
"wound","man",2
"wow","great",2
"write","good",2
"write","share",2
"write","someth",2
"write","write",2
"x","b",2
"x","x",2
"ya","know",2
"yeah","just",2
"year","accord",2
"year","ask",2
"year","attend",2
"year","ever",2
"year","fix",2
"year","graduat",2
"year","hey",2
"year","industri",2
"year","live",2
"year","love",2
"year","mani",2
"year","move",2
"year","need",2
"year","oper",2
"year","percent",2
"year","play",2
"year","relish",2
"year","row",2
"year","second",2
"year","see",2
"year","self",2
"year","statut",2
"year","studi",2
"year","treasuri",2
"year","tri",2
"year","us",2
"year","younger",2
"year","your",2
"yep","just",2
"yes","dont",2
"yes","know",2
"yes","read",2
"yes","said",2
"yet","cant",2
"yet","click",2
"yet","even",2
"yet","never",2
"yet","one",2
"york","magazin",2
"york","said",2
"youd","see",2
"youll","find",2
"youll","hear",2
"youll","see",2
"young","adult",2
"young","age",2
"your","best",2
"your","dream",2
"your","far",2
"your","interest",2
"your","like",2
"your","say",2
"your","wear",2
"youv","done",2
